,链接,章节主题
0,https://www.freexs.org/novel/0/896/32769343.html,"第一章 ,异界唐三(一)"
1,https://www.freexs.org/novel/0/896/32769344.html,"第一章 ,异界唐三(二)"
2,https://www.freexs.org/novel/0/896/32769345.html,"第一章 ,异界唐三(三)"
3,https://www.freexs.org/novel/0/896/32769346.html,"第一章 ,异界唐三(四)"
4,https://www.freexs.org/novel/0/896/32769347.html,第二章 废武魂与先天满魂力(一)
5,https://www.freexs.org/novel/0/896/32769348.html,第二章 废武魂与先天满魂力(二)
6,https://www.freexs.org/novel/0/896/32769349.html,第二章 废武魂与先天满魂力(三)
7,https://www.freexs.org/novel/0/896/32769350.html,第二章 废武魂与先天满魂力(四)
8,https://www.freexs.org/novel/0/896/32769351.html,第三章 双生武魂(一)
9,https://www.freexs.org/novel/0/896/32769352.html,第三章 双生武魂(二)
10,https://www.freexs.org/novel/0/896/32769353.html,第三章 双生武魂(三)
11,https://www.freexs.org/novel/0/896/32769354.html,第三章 双生武魂(四)
12,https://www.freexs.org/novel/0/896/32769355.html,第三章 双生武魂(五)
13,https://www.freexs.org/novel/0/896/32769356.html,第四章 异界唐三的第一件暗器(一)
14,https://www.freexs.org/novel/0/896/32769357.html,第四章 异界唐三的第一件暗器(二)
15,https://www.freexs.org/novel/0/896/32769358.html,第四章 异界唐三的第一件暗器(三)
16,https://www.freexs.org/novel/0/896/32769359.html,第四章 异界唐三的第一件暗器(四)
17,https://www.freexs.org/novel/0/896/32769360.html,第四章 异界唐三的第一件暗器(五)
18,https://www.freexs.org/novel/0/896/32769361.html,第五章 大师?师傅?(一)
19,https://www.freexs.org/novel/0/896/32769362.html,第五章 大师?师傅?(二)
20,https://www.freexs.org/novel/0/896/32769363.html,第五章 大师?师傅?(三)
21,https://www.freexs.org/novel/0/896/32769364.html,第五章 大师?师傅?(四)
22,https://www.freexs.org/novel/0/896/32769365.html,"第六章 我叫小舞,跳舞的舞(一)"
23,https://www.freexs.org/novel/0/896/32769366.html,"第六章 我叫小舞,跳舞的舞(二)"
24,https://www.freexs.org/novel/0/896/32769367.html,"第六章 我叫小舞,跳舞的舞(三)"
25,https://www.freexs.org/novel/0/896/32769368.html,"第六章 我叫小舞,跳舞的舞(四)"
26,https://www.freexs.org/novel/0/896/32769369.html,"第六章 我叫小舞,跳舞的舞(五)"
27,https://www.freexs.org/novel/0/896/32769370.html,"第七章 小舞,你还要啊?(一)"
28,https://www.freexs.org/novel/0/896/32769371.html,"第七章 小舞,你还要啊?(二)"
29,https://www.freexs.org/novel/0/896/32769372.html,"第七章 小舞,你还要啊?(三)"
30,https://www.freexs.org/novel/0/896/32769373.html,"第七章 小舞,你还要啊?(四)"
31,https://www.freexs.org/novel/0/896/32769374.html,"第七章 小舞,你还要啊?(五)"
32,https://www.freexs.org/novel/0/896/32769375.html,"第八章 魂导器,二十四桥明月夜(一)"
33,https://www.freexs.org/novel/0/896/32769376.html,"第八章 魂导器,二十四桥明月夜(二)"
34,https://www.freexs.org/novel/0/896/32769377.html,"第八章 魂导器,二十四桥明月夜(三)"
35,https://www.freexs.org/novel/0/896/32769378.html,"第八章 魂导器,二十四桥明月夜(四)"
36,https://www.freexs.org/novel/0/896/32769379.html,"第八章 魂导器,二十四桥明月夜(五)"
37,https://www.freexs.org/novel/0/896/32769380.html,第九章 蓝银草的第一魂环(一)
38,https://www.freexs.org/novel/0/896/32769381.html,第九章 蓝银草的第一魂环(二)
39,https://www.freexs.org/novel/0/896/32769382.html,第九章 蓝银草的第一魂环(三)
40,https://www.freexs.org/novel/0/896/32769383.html,第九章 蓝银草的第一魂环(四)
41,https://www.freexs.org/novel/0/896/32769384.html,第九章 蓝银草的第一魂环(五)
42,https://www.freexs.org/novel/0/896/32769385.html,第十章 第一魂环技能(一)
43,https://www.freexs.org/novel/0/896/32769386.html,第十章 第一魂环技能(二)
44,https://www.freexs.org/novel/0/896/32769387.html,第十章 第一魂环技能(三)
45,https://www.freexs.org/novel/0/896/32769388.html,第十章 第一魂环技能(四)
46,https://www.freexs.org/novel/0/896/32769389.html,第十章 第一魂环技能(五)
47,https://www.freexs.org/novel/0/896/32769390.html,"第十一章 小舞,原来你真的是个兔子(一)"
48,https://www.freexs.org/novel/0/896/32769391.html,第十一章 小舞原来你真的是个兔子(二)
49,https://www.freexs.org/novel/0/896/32769392.html,第十一章 小舞原来你真的是个兔子(三)
50,https://www.freexs.org/novel/0/896/32769393.html,第十一章 小舞原来你真的是个兔子(四)
51,https://www.freexs.org/novel/0/896/32769394.html,第十二章 乱披风锤法(一)
52,https://www.freexs.org/novel/0/896/32769395.html,第十二章 乱披风锤法(二)
53,https://www.freexs.org/novel/0/896/32769396.html,第十二章 乱披风锤法(三)
54,https://www.freexs.org/novel/0/896/32769397.html,第十二章 乱披风锤法(四)
55,https://www.freexs.org/novel/0/896/32769398.html,第十二章 乱披风锤法(五)
56,https://www.freexs.org/novel/0/896/32769399.html,第十三章 父亲的留言(一)
57,https://www.freexs.org/novel/0/896/32769400.html,第十三章 父亲的留言(二)
58,https://www.freexs.org/novel/0/896/32769401.html,第十三章 父亲的留言(三)
59,https://www.freexs.org/novel/0/896/32769402.html,第十三章 父亲的留言(四)
60,https://www.freexs.org/novel/0/896/32769403.html,第十四章 邪眸白虎戴沐白(一)
61,https://www.freexs.org/novel/0/896/32769404.html,第十四章 邪眸白虎戴沐白(二)
62,https://www.freexs.org/novel/0/896/32769405.html,第十四章 邪眸白虎戴沐白(三)
63,https://www.freexs.org/novel/0/896/32769406.html,第十四章 邪眸白虎戴沐白(四)
64,https://www.freexs.org/novel/0/896/32769407.html,第十四章 邪眸白虎戴沐白(五)
65,https://www.freexs.org/novel/0/896/32769408.html,第十四章 邪眸白虎戴沐白(六)
66,https://www.freexs.org/novel/0/896/32769409.html,"第十五章 千年魂环之技,白虎金刚变(一)"
67,https://www.freexs.org/novel/0/896/32769410.html,"第十五章 千年魂环之技,白虎金刚变(二)"
68,https://www.freexs.org/novel/0/896/32769411.html,"第十五章 千年魂环之技,白虎金刚变(三)"
69,https://www.freexs.org/novel/0/896/32769412.html,"第十五章 千年魂环之技,白虎金刚变(四)"
70,https://www.freexs.org/novel/0/896/32769413.html,"第十五章 千年魂环之技,白虎金刚变(五)"
71,https://www.freexs.org/novel/0/896/32769414.html,第十六章 板晶发金龙须针(一)
72,https://www.freexs.org/novel/0/896/32769415.html,第十六章 板晶发金龙须针(二)
73,https://www.freexs.org/novel/0/896/32769416.html,第十六章 板晶发金龙须针(三)
74,https://www.freexs.org/novel/0/896/32769417.html,第十六章 板晶发金龙须针(四)
75,https://www.freexs.org/novel/0/896/32769418.html,第十六章 板晶发金龙须针(五)
76,https://www.freexs.org/novel/0/896/32769419.html,第十七章 只收怪物的学院(一)
77,https://www.freexs.org/novel/0/896/32769420.html,第十七章 只收怪物的学院(二)
78,https://www.freexs.org/novel/0/896/32769421.html,第十七章 只收怪物的学院(三)
79,https://www.freexs.org/novel/0/896/32769422.html,第十七章 只收怪物的学院(四)
80,https://www.freexs.org/novel/0/896/32769423.html,第十七章 只收怪物的学院(五)
81,https://www.freexs.org/novel/0/896/32769424.html,第十八章 不动明王赵无极(一)
82,https://www.freexs.org/novel/0/896/32769425.html,第十八章 不动明王赵无极(二)
83,https://www.freexs.org/novel/0/896/32769426.html,第十八章 不动明王赵无极(三)
84,https://www.freexs.org/novel/0/896/32769427.html,第十八章 不动明王赵无极(四)
85,https://www.freexs.org/novel/0/896/32769428.html,第十八章 不动明王赵无极(五)
86,https://www.freexs.org/novel/0/896/32769429.html,第十九章 唐三的暗器(一)
87,https://www.freexs.org/novel/0/896/32769430.html,第十九章 唐三的暗器(二)
88,https://www.freexs.org/novel/0/896/32769431.html,第十九章 唐三的暗器(三)
89,https://www.freexs.org/novel/0/896/32769432.html,第十九章 唐三的暗器(四)
90,https://www.freexs.org/novel/0/896/32769433.html,第十九章 唐三的暗器(五)
91,https://www.freexs.org/novel/0/896/32769434.html,第二十章 奥斯卡的大香肠和小腊肠(一)
92,https://www.freexs.org/novel/0/896/32769435.html,第二十章 奥斯卡的大香肠和小腊肠(二)
93,https://www.freexs.org/novel/0/896/32769436.html,第二十章 奥斯卡的大香肠和小腊肠(三)
94,https://www.freexs.org/novel/0/896/32769437.html,第二十章 奥斯卡的大香肠和小腊肠(四)
95,https://www.freexs.org/novel/0/896/32769438.html,第二十章 奥斯卡的大香肠和小腊肠(五)
96,https://www.freexs.org/novel/0/896/32769439.html,第二十一章 邪火凤凰(一)
97,https://www.freexs.org/novel/0/896/32769440.html,第二十一章 邪火凤凰(二)
98,https://www.freexs.org/novel/0/896/32769441.html,第二十一章 邪火凤凰(三)
99,https://www.freexs.org/novel/0/896/32769442.html,第二十一章 邪火凤凰(四)
100,https://www.freexs.org/novel/0/896/32769443.html,第二十二章 四眼猫鹰弗兰德(一)
101,https://www.freexs.org/novel/0/896/32769444.html,第二十二章 四眼猫鹰弗兰德(二)
102,https://www.freexs.org/novel/0/896/32769445.html,第二十二章 四眼猫鹰弗兰德(三)
103,https://www.freexs.org/novel/0/896/32769446.html,第二十二章 四眼猫鹰弗兰德(四)
104,https://www.freexs.org/novel/0/896/32769447.html,第二十二章 四眼猫鹰弗兰德(五)
105,https://www.freexs.org/novel/0/896/32769448.html,第二十三章 魔女本色(一)
106,https://www.freexs.org/novel/0/896/32769449.html,第二十三章 魔女本色(二)
107,https://www.freexs.org/novel/0/896/32769450.html,第二十三章 魔女本色(三)
108,https://www.freexs.org/novel/0/896/32769451.html,第二十三章 魔女本色(四)
109,https://www.freexs.org/novel/0/896/32769452.html,第二十三章 魔女本色(五)
110,https://www.freexs.org/novel/0/896/32769453.html,第二十四章 三五组合的成立(一)
111,https://www.freexs.org/novel/0/896/32769454.html,第二十四章 三五组合的成立(二)
112,https://www.freexs.org/novel/0/896/32769455.html,第二十四章 三五组合的成立(三)
113,https://www.freexs.org/novel/0/896/32769456.html,第二十四章 三五组合的成立(四)
114,https://www.freexs.org/novel/0/896/32769457.html,第二十四章 三五组合的成立(五)
115,https://www.freexs.org/novel/0/896/32769458.html,第二十五章 器武魂的威力(上)
116,https://www.freexs.org/novel/0/896/32769459.html,第二十五章 器武魂的威力(中)
117,https://www.freexs.org/novel/0/896/32769460.html,第二十五章 器武魂的威力(下)
118,https://www.freexs.org/novel/0/896/32769461.html,第二十六章 星斗大森林(上)
119,https://www.freexs.org/novel/0/896/32769462.html,第二十六章 星斗大森林(中)
120,https://www.freexs.org/novel/0/896/32769463.html,第二十六章 星斗大森林(下)(求月票)
121,https://www.freexs.org/novel/0/896/32769464.html,第二十七章 不敢惹事是庸才(上)
122,https://www.freexs.org/novel/0/896/32769465.html,第二十七章 不敢惹事是庸才(中)
123,https://www.freexs.org/novel/0/896/32769466.html,第二十七章 不敢惹事是庸才(下)
124,https://www.freexs.org/novel/0/896/32769467.html,第二十八章 千年凤尾鸡冠蛇(上)
125,https://www.freexs.org/novel/0/896/32769468.html,第二十八章 千年凤尾鸡冠蛇(中)
126,https://www.freexs.org/novel/0/896/32769469.html,第二十八章 千年凤尾鸡冠蛇(下)
127,https://www.freexs.org/novel/0/896/32769470.html,第五集 星斗森林 第二十九章 盖世龙蛇(上)
128,https://www.freexs.org/novel/0/896/32769471.html,第二十九章 盖世龙蛇(中)
129,https://www.freexs.org/novel/0/896/32769472.html,第二十九章 盖世龙蛇(下)
130,https://www.freexs.org/novel/0/896/32769473.html,第三十章 奥斯卡的第三魂环(上)
131,https://www.freexs.org/novel/0/896/32769474.html,第三十章 奥斯卡的第三魂环(中)
132,https://www.freexs.org/novel/0/896/32769475.html,第三十章 奥斯卡的第三魂环(下)
133,https://www.freexs.org/novel/0/896/32769476.html,"第三十一章 森林之王,泰坦巨猿(上)"
134,https://www.freexs.org/novel/0/896/32769477.html,"第三十一章 森林之王,泰坦巨猿(中)"
135,https://www.freexs.org/novel/0/896/32769478.html,"第三十一章 森林之王,泰坦巨猿(下)"
136,https://www.freexs.org/novel/0/896/32769479.html,"第三十二章 邪恶的杀戮者,人面魔蛛(上)"
137,https://www.freexs.org/novel/0/896/32769480.html,"第三十二章 邪恶的杀戮者,人面魔蛛(中)"
138,https://www.freexs.org/novel/0/896/32769481.html,"第三十二章 邪恶的杀戮者,人面魔蛛(下)"
139,https://www.freexs.org/novel/0/896/32769482.html,第三十三章 孟依然也用暗器?(上)
140,https://www.freexs.org/novel/0/896/32769483.html,第三十三章 孟依然也用暗器?(中)
141,https://www.freexs.org/novel/0/896/32769484.html,"第三十三章 孟依然也用暗器?(下)(高潮中,求月票)"
142,https://www.freexs.org/novel/0/896/32769485.html,第三十四章 超过极限的人面魔蛛魂环(上)
143,https://www.freexs.org/novel/0/896/32769486.html,第三十四章 超过极限的人面魔蛛魂环(中)
144,https://www.freexs.org/novel/0/896/32769487.html,第三十四章 超过极限的人面魔蛛魂环(下)
145,https://www.freexs.org/novel/0/896/32769488.html,第三十五章 唐三强横的第三魂环(上)
146,https://www.freexs.org/novel/0/896/32769489.html,第三十五章 唐三强横的第三魂环(中)
147,https://www.freexs.org/novel/0/896/32769490.html,第三十五章 唐三强横的第三魂环(下)
148,https://www.freexs.org/novel/0/896/32769491.html,第六集 外附魂骨 第三十六章 大师到来(上)
149,https://www.freexs.org/novel/0/896/32769492.html,第三十六章 大师到来(中)
150,https://www.freexs.org/novel/0/896/32769493.html,第三十六章 大师到来(下)
151,https://www.freexs.org/novel/0/896/32769494.html,第三十七章 蓝银草进化后的威力(上)
152,https://www.freexs.org/novel/0/896/32769495.html,第三十七章 蓝银草进化后的威力(中)
153,https://www.freexs.org/novel/0/896/32769496.html,第三十七章 蓝银草进化后的威力(下)
154,https://www.freexs.org/novel/0/896/32769497.html,第三十八章 外附魂骨(上)
155,https://www.freexs.org/novel/0/896/32769498.html,第三十八章 外附魂骨(中)
156,https://www.freexs.org/novel/0/896/32769499.html,第三十八章 外附魂骨(下)
157,https://www.freexs.org/novel/0/896/32769500.html,第三十九章 “铁”匠铺(上)
158,https://www.freexs.org/novel/0/896/32769501.html,第三十九章 “铁”匠铺(中)
159,https://www.freexs.org/novel/0/896/32769502.html,第三十九章 “铁”匠铺(下)
160,https://www.freexs.org/novel/0/896/32769503.html,第四十章 特训第一阶段开始(上)
161,https://www.freexs.org/novel/0/896/32769504.html,第四十章 特训第一阶段开始(中)
162,https://www.freexs.org/novel/0/896/32769505.html,第四十章 特训第一阶段开始(下)
163,https://www.freexs.org/novel/0/896/32769506.html,"第四十一章 不抛弃,不放弃(上)"
164,https://www.freexs.org/novel/0/896/32769507.html,"第四十一章 不抛弃,不放弃(中)"
165,https://www.freexs.org/novel/0/896/32769508.html,"第四十一章 不抛弃,不放弃(下)"
166,https://www.freexs.org/novel/0/896/32769509.html,第四十二章 大师是魔鬼(上)
167,https://www.freexs.org/novel/0/896/32769510.html,第四十二章 大师是魔鬼(中)
168,https://www.freexs.org/novel/0/896/32769511.html,第四十二章 大师是魔鬼(下)
169,https://www.freexs.org/novel/0/896/32769512.html,"第七集 斗魂大战 第四十三章 猥琐怪叔叔,不乐(上)"
170,https://www.freexs.org/novel/0/896/32769513.html,"第四十三章 猥琐怪叔叔,不乐(中)"
171,https://www.freexs.org/novel/0/896/32769514.html,"第四十三章 猥琐怪叔叔,不乐(下)"
172,https://www.freexs.org/novel/0/896/32769515.html,第四十四章 大师教学的第二阶段(上)
173,https://www.freexs.org/novel/0/896/32769516.html,第四十四章 大师教学的第二阶段(中)
174,https://www.freexs.org/novel/0/896/32769517.html,第四十四章 大师教学的第二阶段(下)
175,https://www.freexs.org/novel/0/896/32769518.html,"第四十五章 强横的对手,狂战队(上)"
176,https://www.freexs.org/novel/0/896/32769519.html,"第四十五章 强横的对手,狂战队(中)"
177,https://www.freexs.org/novel/0/896/32769520.html,"第四十五章 强横的对手,狂战队(下)"
178,https://www.freexs.org/novel/0/896/32769521.html,第四十六章 控制系魂师的强势(上)
179,https://www.freexs.org/novel/0/896/32769522.html,第四十六章 控制系魂师的强势(中)
180,https://www.freexs.org/novel/0/896/32769523.html,"第四十六章 控制系魂师的强势(下)(三月第二天,求月票)"
181,https://www.freexs.org/novel/0/896/32769524.html,第四十七章 蜘蛛王者的威压(上)
182,https://www.freexs.org/novel/0/896/32769525.html,第四十七章 蜘蛛王者的威压(中)
183,https://www.freexs.org/novel/0/896/32769526.html,第四十七章 蜘蛛王者的威压(下)(求月票)
184,https://www.freexs.org/novel/0/896/32769527.html,第四十八章 皇斗战队(上)
185,https://www.freexs.org/novel/0/896/32769528.html,第四十八章 皇斗战队(中)
186,https://www.freexs.org/novel/0/896/32769529.html,第四十八章 皇斗战队(下)
187,https://www.freexs.org/novel/0/896/32769530.html,第四十九章 七怪战皇斗(上)
188,https://www.freexs.org/novel/0/896/32769531.html,第四十九章 七怪战皇斗(中)
189,https://www.freexs.org/novel/0/896/32769532.html,第四十九章 七怪战皇斗(下)
190,https://www.freexs.org/novel/0/896/32769533.html,第八集 皇斗战队 第五十章 碧磷紫毒(上)
191,https://www.freexs.org/novel/0/896/32769534.html,第五十章 碧磷紫毒(中)
192,https://www.freexs.org/novel/0/896/32769535.html,第五十章 碧磷紫毒(下)
193,https://www.freexs.org/novel/0/896/32769536.html,第五十一章 武魂融合技之幽冥白虎(上)
194,https://www.freexs.org/novel/0/896/32769537.html,第五十一章 武魂融合技之幽冥白虎(中)
195,https://www.freexs.org/novel/0/896/32769538.html,第五十一章 武魂融合技之幽冥白虎(下)
196,https://www.freexs.org/novel/0/896/32769539.html,"第五十二章 八蛛矛,定胜负(上)"
197,https://www.freexs.org/novel/0/896/32769540.html,"第五十二章 八蛛矛,定胜负(中)"
198,https://www.freexs.org/novel/0/896/32769541.html,"第五十二章 八蛛矛,定胜负(下)"
199,https://www.freexs.org/novel/0/896/32769542.html,"第五十三章 史莱克,金斗魂级战队(上)"
200,https://www.freexs.org/novel/0/896/32769543.html,"第五十三章 史莱克,金斗魂级战队(中)"
201,https://www.freexs.org/novel/0/896/32769544.html,"第五十三章 史莱克,金斗魂级战队(下)"
202,https://www.freexs.org/novel/0/896/32769545.html,第五十四章 借鸡生蛋?(上)
203,https://www.freexs.org/novel/0/896/32769546.html,第五十四章 借鸡生蛋?(中)
204,https://www.freexs.org/novel/0/896/32769547.html,第五十四章 借鸡生蛋?(下)
205,https://www.freexs.org/novel/0/896/32769548.html,第五十五章 飞天神爪(上)
206,https://www.freexs.org/novel/0/896/32769549.html,第五十五章 飞天神爪(中)
207,https://www.freexs.org/novel/0/896/32769550.html,第五十五章 飞天神爪(下)
208,https://www.freexs.org/novel/0/896/32769551.html,第五十六章 越阶挑战(上)
209,https://www.freexs.org/novel/0/896/32769552.html,第五十六章 越阶挑战(中)
210,https://www.freexs.org/novel/0/896/32769553.html,第五十六章 越阶挑战(下)
211,https://www.freexs.org/novel/0/896/32769554.html,第九集 黄金铁三角 第五十七章 凶神战队(上)
212,https://www.freexs.org/novel/0/896/32769555.html,第五十七章 凶神战队(中)
213,https://www.freexs.org/novel/0/896/32769556.html,第五十七章 凶神战队(下)
214,https://www.freexs.org/novel/0/896/32769557.html,第五十八章 天斗皇家学院(上)
215,https://www.freexs.org/novel/0/896/32769558.html,第五十八章 天斗皇家学院(中)
216,https://www.freexs.org/novel/0/896/32769559.html,第五十八章 天斗皇家学院(下)
217,https://www.freexs.org/novel/0/896/32769560.html,"第五十九章 贯通,第一脉(上)"
218,https://www.freexs.org/novel/0/896/32769561.html,"第五十九章 贯通,第一脉(中)"
219,https://www.freexs.org/novel/0/896/32769562.html,"第五十九章 贯通,第一脉(下)"
220,https://www.freexs.org/novel/0/896/32769563.html,"第六十章 封号斗罗,封号:毒(上)"
221,https://www.freexs.org/novel/0/896/32769564.html,"第六十章 封号斗罗,封号:毒(中)"
222,https://www.freexs.org/novel/0/896/32769565.html,"第六十章 封号斗罗,封号:毒(下)"
223,https://www.freexs.org/novel/0/896/32769566.html,第六十一章 黄金铁三角的最后一角(上)
224,https://www.freexs.org/novel/0/896/32769567.html,第六十一章 黄金铁三角的最后一角(中)
225,https://www.freexs.org/novel/0/896/32769568.html,第六十一章 黄金铁三角的最后一角(下)(每天9000+求月票)
226,https://www.freexs.org/novel/0/896/32769569.html,第六十二章 黄金铁三角的往事(上)
227,https://www.freexs.org/novel/0/896/32769570.html,第六十二章 黄金铁三角的往事(中)
228,https://www.freexs.org/novel/0/896/32769571.html,第六十二章 黄金铁三角的往事(下)
229,https://www.freexs.org/novel/0/896/32769572.html,第六十三章 冰火两仪眼(上)
230,https://www.freexs.org/novel/0/896/32769573.html,第六十三章 冰火两仪眼(中)
231,https://www.freexs.org/novel/0/896/32769574.html,第六十三章 冰火两仪眼(下)
232,https://www.freexs.org/novel/0/896/32769575.html,第十集 冰火炼金身 第六十四章 冰火炼金身(上)
233,https://www.freexs.org/novel/0/896/32769576.html,第六十四章 冰火炼金身(中)
234,https://www.freexs.org/novel/0/896/32769577.html,第六十四章 冰火炼金身(下)
235,https://www.freexs.org/novel/0/896/32769578.html,第六十五章 黄金圣龙VS碧磷蛇皇(上)
236,https://www.freexs.org/novel/0/896/32769579.html,第六十五章 黄金圣龙VS碧磷蛇皇(中)
237,https://www.freexs.org/novel/0/896/32769580.html,第六十五章 黄金圣龙VS碧磷蛇皇(下)
238,https://www.freexs.org/novel/0/896/32769581.html,第六十六章 幽香绮罗仙品(上)
239,https://www.freexs.org/novel/0/896/32769582.html,第六十六章 幽香绮罗仙品(中)
240,https://www.freexs.org/novel/0/896/32769583.html,第六十六章 幽香绮罗仙品(下)
241,https://www.freexs.org/novel/0/896/32769584.html,"第六十七章 水火不侵,百毒辟易(上)"
242,https://www.freexs.org/novel/0/896/32769585.html,"第六十七章 水火不侵,百毒辟易(中)"
243,https://www.freexs.org/novel/0/896/32769586.html,"第六十七章 水火不侵,百毒辟易(下)"
244,https://www.freexs.org/novel/0/896/32769587.html,第六十八章 如意百宝囊与子母追魂夺命胆(上)
245,https://www.freexs.org/novel/0/896/32769588.html,第六十八章 如意百宝囊与子母追魂夺命胆(中)
246,https://www.freexs.org/novel/0/896/32769589.html,第六十八章 如意百宝囊与子母追魂夺命胆(下)
247,https://www.freexs.org/novel/0/896/32769590.html,第六十九章 小舞:发誓不要离开我(上)
248,https://www.freexs.org/novel/0/896/32769591.html,第六十九章 小舞:发誓不要离开我(中)
249,https://www.freexs.org/novel/0/896/32769592.html,第六十九章 小舞:发誓不要离开我(下)
250,https://www.freexs.org/novel/0/896/32769593.html,第七十章 绝世仙品配七怪(上)
251,https://www.freexs.org/novel/0/896/32769594.html,第七十章 绝世仙品配七怪(中)
252,https://www.freexs.org/novel/0/896/32769595.html,第七十章 绝世仙品配七怪(下)
253,https://www.freexs.org/novel/0/896/32769596.html,第十一集 大力神 第七十一章 冰清玉洁唐三少(上)
254,https://www.freexs.org/novel/0/896/32769597.html,第七十一章 冰清玉洁唐三少(中)
255,https://www.freexs.org/novel/0/896/32769598.html,第七十一章 冰清玉洁唐三少(下)
256,https://www.freexs.org/novel/0/896/32769599.html,第七十二章 豁然贯通(上)
257,https://www.freexs.org/novel/0/896/32769600.html,第七十二章 豁然贯通(中)
258,https://www.freexs.org/novel/0/896/32769601.html,第七十二章 豁然贯通(下)
259,https://www.freexs.org/novel/0/896/32769602.html,第七十三章 天斗拍卖场(上)
260,https://www.freexs.org/novel/0/896/32769603.html,第七十三章 天斗拍卖场(中)
261,https://www.freexs.org/novel/0/896/32769604.html,第七十三章 天斗拍卖场(下)
262,https://www.freexs.org/novel/0/896/32769605.html,第七十四章 极端纯力量魂师(上)
263,https://www.freexs.org/novel/0/896/32769606.html,第七十四章 极端纯力量魂师(中)
264,https://www.freexs.org/novel/0/896/32769607.html,第七十四章 极端纯力量魂师(下)
265,https://www.freexs.org/novel/0/896/32769608.html,第七十五章 七宝琉璃宗(上)
266,https://www.freexs.org/novel/0/896/32769609.html,第七十五章 七宝琉璃宗(中)
267,https://www.freexs.org/novel/0/896/32769610.html,第七十五章 七宝琉璃宗(下)
268,https://www.freexs.org/novel/0/896/32769611.html,"第七十六章 七宝琉璃宗的惊讶(上)(提前兑现爆发的一章,12点后还有5章,求月票)"
269,https://www.freexs.org/novel/0/896/32769612.html,第七十六章 七宝琉璃宗的惊讶(中)
270,https://www.freexs.org/novel/0/896/32769613.html,第七十六章 七宝琉璃宗的惊讶(下)
271,https://www.freexs.org/novel/0/896/32769614.html,"第七十七章 大力神,爷爷真的来了(上)"
272,https://www.freexs.org/novel/0/896/32769615.html,"第七十七章 大力神,爷爷真的来了(中)"
273,https://www.freexs.org/novel/0/896/32769616.html,"第七十七章 大力神,爷爷真的来了(下)"
274,https://www.freexs.org/novel/0/896/32769617.html,"第十二集 锤名昊天 第七十八章 唐三左手,昊天锤(上)"
275,https://www.freexs.org/novel/0/896/32769618.html,"第七十八章 唐三左手,昊天锤(中)"
276,https://www.freexs.org/novel/0/896/32769619.html,"第七十八章 唐三左手,昊天锤(下)"
277,https://www.freexs.org/novel/0/896/32769620.html,第七十九章 身世之谜与昊天斗罗(上)
278,https://www.freexs.org/novel/0/896/32769621.html,第七十九章 身世之谜与昊天斗罗(中)
279,https://www.freexs.org/novel/0/896/32769622.html,第七十九章 身世之谜与昊天斗罗(下)
280,https://www.freexs.org/novel/0/896/32769623.html,第八十章 双生武魂的奥秘(上)
281,https://www.freexs.org/novel/0/896/32769624.html,第八十章 双生武魂的奥秘(中)
282,https://www.freexs.org/novel/0/896/32769625.html,第八十章 双生武魂的奥秘(下)
283,https://www.freexs.org/novel/0/896/32769626.html,"第八十一章 小舞:哥,替我梳头(上)"
284,https://www.freexs.org/novel/0/896/32769627.html,"第八十一章 小舞:哥,替我梳头(中)"
285,https://www.freexs.org/novel/0/896/32769628.html,"第八十一章 小舞:哥,替我梳头(下)"
286,https://www.freexs.org/novel/0/896/32769629.html,第八十二章 赤龙脚下的大地之王(上)
287,https://www.freexs.org/novel/0/896/32769630.html,第八十二章 赤龙脚下的大地之王(中)
288,https://www.freexs.org/novel/0/896/32769631.html,第八十二章 赤龙脚下的大地之王(下)
289,https://www.freexs.org/novel/0/896/32769632.html,第八十三章 ‘大地之王’与‘粉红娘娘’(上)
290,https://www.freexs.org/novel/0/896/32769633.html,第八十三章 ‘大地之王’与‘粉红娘娘’(中)
291,https://www.freexs.org/novel/0/896/32769634.html,第八十三章 ‘大地之王’与‘粉红娘娘’(下)
292,https://www.freexs.org/novel/0/896/32769635.html,"第八十四章 胖子的第四魂技,凤凰啸天击(上)"
293,https://www.freexs.org/novel/0/896/32769636.html,"第八十四章 胖子的第四魂技,凤凰啸天击(中)"
294,https://www.freexs.org/novel/0/896/32769637.html,"第八十四章 胖子的第四魂技,凤凰啸天击(下)"
295,https://www.freexs.org/novel/0/896/32769638.html,第十三集 第四魂环 第八十五章 幽香引魂兽(上)
296,https://www.freexs.org/novel/0/896/32769639.html,第八十五章 幽香引魂兽(中)
297,https://www.freexs.org/novel/0/896/32769640.html,第八十五章 幽香引魂兽(下)
298,https://www.freexs.org/novel/0/896/32769641.html,第八十六章 千年麟甲兽与万年魔蛛(上)
299,https://www.freexs.org/novel/0/896/32769642.html,第八十六章 千年麟甲兽与万年魔蛛(中)
300,https://www.freexs.org/novel/0/896/32769643.html,第八十六章 千年麟甲兽与万年魔蛛(下)
301,https://www.freexs.org/novel/0/896/32769644.html,第八十七章 万年地穴魔蛛(上)
302,https://www.freexs.org/novel/0/896/32769645.html,第八十七章 万年地穴魔蛛(中)
303,https://www.freexs.org/novel/0/896/32769646.html,第八十七章 万年地穴魔蛛(下)
304,https://www.freexs.org/novel/0/896/32769647.html,"第八十八章 吞噬,八蛛矛(上)"
305,https://www.freexs.org/novel/0/896/32769648.html,"第八十八章 吞噬,八蛛矛(中)"
306,https://www.freexs.org/novel/0/896/32769649.html,"第八十八章 吞噬,八蛛矛(下)"
307,https://www.freexs.org/novel/0/896/32769650.html,第八十九章 唐三的第四魂技(上)
308,https://www.freexs.org/novel/0/896/32769651.html,第八十九章 唐三的第四魂技(中)
309,https://www.freexs.org/novel/0/896/32769652.html,第八十九章 唐三的第四魂技(下)
310,https://www.freexs.org/novel/0/896/32769653.html,第九十章 全大陆高级魂师学院精英大赛(上)
311,https://www.freexs.org/novel/0/896/32769654.html,第九十章 全大陆高级魂师学院精英大赛(中)
312,https://www.freexs.org/novel/0/896/32769655.html,第九十章 全大陆高级魂师学院精英大赛(下)
313,https://www.freexs.org/novel/0/896/32769656.html,"第九十一章 预选赛第一场,开战(上)"
314,https://www.freexs.org/novel/0/896/32769657.html,"第九十一章 预选赛第一场,开战(中)"
315,https://www.freexs.org/novel/0/896/32769658.html,"第九十一章 预选赛第一场,开战(下)"
316,https://www.freexs.org/novel/0/896/32769659.html,第十四集 象甲宗 第九十二章 一分钟的完胜(上)
317,https://www.freexs.org/novel/0/896/32769660.html,第九十二章 一分钟的完胜(中)
318,https://www.freexs.org/novel/0/896/32769661.html,第九十二章 一分钟的完胜(下)
319,https://www.freexs.org/novel/0/896/32769662.html,第九十三章 唐昊退隐的原因(上)
320,https://www.freexs.org/novel/0/896/32769663.html,第九十三章 唐昊退隐的原因(中)
321,https://www.freexs.org/novel/0/896/32769664.html,第九十三章 唐昊退隐的原因(下)
322,https://www.freexs.org/novel/0/896/32769665.html,第九十四章 分心控制之三窍御之心(上)
323,https://www.freexs.org/novel/0/896/32769666.html,第九十四章 分心控制之三窍御之心(中)
324,https://www.freexs.org/novel/0/896/32769667.html,第九十四章 分心控制之三窍御之心(下)
325,https://www.freexs.org/novel/0/896/32769668.html,"第九十五章 唐三的新战术,宇宙天空流(上)"
326,https://www.freexs.org/novel/0/896/32769669.html,"第九十五章 唐三的新战术,宇宙天空流(中)"
327,https://www.freexs.org/novel/0/896/32769670.html,"第九十五章 唐三的新战术,宇宙天空流(下)"
328,https://www.freexs.org/novel/0/896/32769671.html,第九十六章 极限团控与恐怖的幽冥白虎(上)
329,https://www.freexs.org/novel/0/896/32769672.html,第九十六章 极限团控与恐怖的幽冥白虎(中)
330,https://www.freexs.org/novel/0/896/32769673.html,第九十六章 极限团控与恐怖的幽冥白虎(下)
331,https://www.freexs.org/novel/0/896/32769674.html,第九十七章 魂师界的极限流与均衡流(上)
332,https://www.freexs.org/novel/0/896/32769675.html,第九十七章 魂师界的极限流与均衡流(中)
333,https://www.freexs.org/novel/0/896/32769676.html,第九十七章 魂师界的极限流与均衡流(下)
334,https://www.freexs.org/novel/0/896/32769677.html,第九十八章 追魂夺命阎王帖(上)
335,https://www.freexs.org/novel/0/896/32769678.html,第九十八章 追魂夺命阎王帖(中)
336,https://www.freexs.org/novel/0/896/32769679.html,第九十八章 追魂夺命阎王帖(下)
337,https://www.freexs.org/novel/0/896/32769680.html,第十五本 破幻魔瞳 第九十九章 又是一块魂骨(上)
338,https://www.freexs.org/novel/0/896/32769681.html,第九十九章 又是一块魂骨(中)
339,https://www.freexs.org/novel/0/896/32769682.html,第九十九章 又是一块魂骨(下)
340,https://www.freexs.org/novel/0/896/32769683.html,第一百章 史莱克学院VS炽火学院(上)
341,https://www.freexs.org/novel/0/896/32769684.html,第一百章 史莱克学院VS炽火学院(中)
342,https://www.freexs.org/novel/0/896/32769685.html,第一百章 史莱克学院VS炽火学院(下)
343,https://www.freexs.org/novel/0/896/32769686.html,"第一百零一章 火免,蓝银草(上)"
344,https://www.freexs.org/novel/0/896/32769687.html,"第一百零一章 火免,蓝银草(中)"
345,https://www.freexs.org/novel/0/896/32769688.html,"第一百零一章 火免,蓝银草(下)"
346,https://www.freexs.org/novel/0/896/32769689.html,"第一百零二章 隐藏的奥秘,七宝石武魂(上)"
347,https://www.freexs.org/novel/0/896/32769690.html,"第一百零二章 隐藏的奥秘,七宝石武魂(中)"
348,https://www.freexs.org/novel/0/896/32769691.html,"第一百零二章 隐藏的奥秘,七宝石武魂(下)"
349,https://www.freexs.org/novel/0/896/32769692.html,第一百零三章 七位一体融合技(上)
350,https://www.freexs.org/novel/0/896/32769693.html,第一百零三章 七位一体融合技(中)
351,https://www.freexs.org/novel/0/896/32769694.html,第一百零三章 七位一体融合技(下)
352,https://www.freexs.org/novel/0/896/32769695.html,第一百零四章 一唱一和(上)
353,https://www.freexs.org/novel/0/896/32769696.html,第一百零四章 一唱一和(中)
354,https://www.freexs.org/novel/0/896/32769697.html,第一百零四章 一唱一和(下)
355,https://www.freexs.org/novel/0/896/32769698.html,"第一百零五章 武魂融合技,冰雪飘零(上)"
356,https://www.freexs.org/novel/0/896/32769699.html,"第一百零五章 武魂融合技,冰雪飘零(中)"
357,https://www.freexs.org/novel/0/896/32769700.html,"第一百零五章 武魂融合技,冰雪飘零(下)"
358,https://www.freexs.org/novel/0/896/32769701.html,第十六集 绝技融合 第一百零六章 冰雪飘零冰凤凰(上)
359,https://www.freexs.org/novel/0/896/32769702.html,第一百零六章 冰雪飘零冰凤凰(中)
360,https://www.freexs.org/novel/0/896/32769703.html,第一百零六章 冰雪飘零冰凤凰(下)
361,https://www.freexs.org/novel/0/896/32769704.html,第一百零七章 真是普通的蓝银草么?(上)
362,https://www.freexs.org/novel/0/896/32769705.html,第一百零七章 真是普通的蓝银草么?(中)
363,https://www.freexs.org/novel/0/896/32769706.html,第一百零七章 真是普通的蓝银草么?(下)
364,https://www.freexs.org/novel/0/896/32769707.html,第一百零八章 豁然贯通(上)
365,https://www.freexs.org/novel/0/896/32769708.html,第一百零八章 豁然贯通(中)
366,https://www.freexs.org/novel/0/896/32769709.html,第一百零八章 豁然贯通(下)
367,https://www.freexs.org/novel/0/896/32769710.html,第一百零九章 被算计的柳二龙(上)
368,https://www.freexs.org/novel/0/896/32769711.html,第一百零九章 被算计的柳二龙(中)
369,https://www.freexs.org/novel/0/896/32769712.html,第一百零九章 被算计的柳二龙(下)
370,https://www.freexs.org/novel/0/896/32769713.html,第一百一十章 花中之王、君临群芳(上)
371,https://www.freexs.org/novel/0/896/32769714.html,第一百一十章 花中之王、君临群芳(中)
372,https://www.freexs.org/novel/0/896/32769715.html,第一百一十章 花中之王、君临群芳(下)
373,https://www.freexs.org/novel/0/896/32769716.html,第一百一十一章 魂技与唐门绝学的融合(上)
374,https://www.freexs.org/novel/0/896/32769717.html,第一百一十一章 魂技与唐门绝学的融合(中)
375,https://www.freexs.org/novel/0/896/32769718.html,第一百一十一章 魂技与唐门绝学的融合(下)
376,https://www.freexs.org/novel/0/896/32769719.html,第一百一十二章 唐三VS火舞(上)
377,https://www.freexs.org/novel/0/896/32769720.html,第一百一十二章 唐三VS火舞(中)
378,https://www.freexs.org/novel/0/896/32769721.html,第一百一十二章 唐三VS火舞(下)
379,https://www.freexs.org/novel/0/896/32769722.html,第十七集 有凤来仪 第一百一十三章 凤凰的狂野(上)
380,https://www.freexs.org/novel/0/896/32769723.html,第一百一十三章 凤凰的狂野(中)
381,https://www.freexs.org/novel/0/896/32769724.html,第一百一十三章 凤凰的狂野(下)
382,https://www.freexs.org/novel/0/896/32769725.html,第一百一十四章 火舞与小舞的吻(上)
383,https://www.freexs.org/novel/0/896/32769726.html,第一百一十四章 火舞与小舞的吻(中)
384,https://www.freexs.org/novel/0/896/32769727.html,第一百一十四章 火舞与小舞的吻(下)
385,https://www.freexs.org/novel/0/896/32769728.html,"第一百一十五章 运筹帷幄,大师(上)"
386,https://www.freexs.org/novel/0/896/32769729.html,"第一百一十五章 运筹帷幄,大师(中)"
387,https://www.freexs.org/novel/0/896/32769730.html,"第一百一十五章 运筹帷幄,大师(下)"
388,https://www.freexs.org/novel/0/896/32769731.html,"第一百一十六章 奇茸通天,虎破龙(上)"
389,https://www.freexs.org/novel/0/896/32769732.html,"第一百一十六章 奇茸通天,虎破龙(中)"
390,https://www.freexs.org/novel/0/896/32769733.html,"第一百一十六章 奇茸通天,虎破龙(下)"
391,https://www.freexs.org/novel/0/896/32769734.html,"第一百一十七章 昊天锤,乱披风(上)"
392,https://www.freexs.org/novel/0/896/32769735.html,"第一百一十七章 昊天锤,乱披风(中)"
393,https://www.freexs.org/novel/0/896/32769736.html,"第一百一十七章 昊天锤,乱披风(下)"
394,https://www.freexs.org/novel/0/896/32769737.html,"第一百一十八章 总决赛,武魂城(上)"
395,https://www.freexs.org/novel/0/896/32769738.html,"第一百一十八章 总决赛,武魂城(中)"
396,https://www.freexs.org/novel/0/896/32769739.html,"第一百一十八章 总决赛,武魂城(下)"
397,https://www.freexs.org/novel/0/896/32769740.html,第一百一十九章 一个爱花的封号斗罗(上)
398,https://www.freexs.org/novel/0/896/32769741.html,第一百一十九章 一个爱花的封号斗罗(中)
399,https://www.freexs.org/novel/0/896/32769742.html,第一百一十九章 一个爱花的封号斗罗(下)
400,https://www.freexs.org/novel/0/896/32769743.html,第十八集 三块魂骨 第一百二十章 四个封号斗罗(上)
401,https://www.freexs.org/novel/0/896/32769744.html,第一百二十章 四个封号斗罗(中)
402,https://www.freexs.org/novel/0/896/32769745.html,第一百二十章 四个封号斗罗(下)
403,https://www.freexs.org/novel/0/896/32769746.html,第一百二十一章 教皇比比东(上)
404,https://www.freexs.org/novel/0/896/32769747.html,第一百二十一章 教皇比比东(中)
405,https://www.freexs.org/novel/0/896/32769748.html,第一百二十一章 教皇比比东(下)
406,https://www.freexs.org/novel/0/896/32769749.html,第一百二十二章 星罗皇家学院战队(上)
407,https://www.freexs.org/novel/0/896/32769750.html,第一百二十二章 星罗皇家学院战队(中)
408,https://www.freexs.org/novel/0/896/32769751.html,第一百二十二章 星罗皇家学院战队(下)
409,https://www.freexs.org/novel/0/896/32769752.html,第一百二十三章 万年魂技的变异技能(上)
410,https://www.freexs.org/novel/0/896/32769753.html,第一百二十三章 万年魂技的变异技能(中)
411,https://www.freexs.org/novel/0/896/32769754.html,第一百二十三章 万年魂技的变异技能(下)
412,https://www.freexs.org/novel/0/896/32769755.html,第一百二十四章 幽冥白虎的身世(上)
413,https://www.freexs.org/novel/0/896/32769756.html,第一百二十四章 幽冥白虎的身世(中)
414,https://www.freexs.org/novel/0/896/32769757.html,第一百二十四章 幽冥白虎的身世(下)
415,https://www.freexs.org/novel/0/896/32769758.html,"第一百二十五章 震惊,七怪融合技(上)"
416,https://www.freexs.org/novel/0/896/32769759.html,"第一百二十五章 震惊,七怪融合技(中)"
417,https://www.freexs.org/novel/0/896/32769760.html,"第一百二十五章 震惊,七怪融合技(下)"
418,https://www.freexs.org/novel/0/896/32769761.html,"第一百二十六章 器魂真身,暗金昊天锤(上)"
419,https://www.freexs.org/novel/0/896/32769762.html,"第一百二十六章 器魂真身,暗金昊天锤(中)"
420,https://www.freexs.org/novel/0/896/32769763.html,"第一百二十六章 器魂真身,暗金昊天锤(下)"
421,https://www.freexs.org/novel/0/896/32769764.html,第十九集 紫极神光 第一百二十七章 史莱克七怪完整的实力(上)
422,https://www.freexs.org/novel/0/896/32769765.html,第一百二十七章 史莱克七怪完整的实力(中)
423,https://www.freexs.org/novel/0/896/32769766.html,第一百二十七章 史莱克七怪完整的实力(下)
424,https://www.freexs.org/novel/0/896/32769767.html,"第一百二十八章 唐门第十,蝠翼轮回(上)"
425,https://www.freexs.org/novel/0/896/32769768.html,"第一百二十八章 唐门第十,蝠翼轮回(中)"
426,https://www.freexs.org/novel/0/896/32769769.html,"第一百二十八章 唐门第十,蝠翼轮回(下)"
427,https://www.freexs.org/novel/0/896/32769770.html,第一百二十九章 小舞不是人(上)
428,https://www.freexs.org/novel/0/896/32769771.html,第一百二十九章 小舞不是人(中)
429,https://www.freexs.org/novel/0/896/32769772.html,第一百二十九章 小舞不是人(下)(求月票)
430,https://www.freexs.org/novel/0/896/32769773.html,"第一百三十章 昊天扬威,新的开始(上)"
431,https://www.freexs.org/novel/0/896/32769774.html,"第一百三十章 昊天扬威,新的开始(中)"
432,https://www.freexs.org/novel/0/896/32769775.html,"第一百三十章 昊天扬威,新的开始(下)"
433,https://www.freexs.org/novel/0/896/32769776.html,"第一百三十一章 智慧头骨之技,紫极神光(上)"
434,https://www.freexs.org/novel/0/896/32769777.html,"第一百三十一章 智慧头骨之技,紫极神光(中)"
435,https://www.freexs.org/novel/0/896/32769778.html,"第一百三十一章 智慧头骨之技,紫极神光(下)"
436,https://www.freexs.org/novel/0/896/32769779.html,第一百三十二章 八十一锤(上)
437,https://www.freexs.org/novel/0/896/32769780.html,第一百三十二章 八十一锤(中)
438,https://www.freexs.org/novel/0/896/32769781.html,第一百三十二章 八十一锤(下)
439,https://www.freexs.org/novel/0/896/32769782.html,"第一百三十三章 锤法大成,杀戮之气(上)"
440,https://www.freexs.org/novel/0/896/32769783.html,"第一百三十三章 锤法大成,杀戮之气(中)"
441,https://www.freexs.org/novel/0/896/32769784.html,"第一百三十三章 锤法大成,杀戮之气(下)"
442,https://www.freexs.org/novel/0/896/32769785.html,"第二十集 杀戮之都 第一百三十四章 唐三武魂的真面目,蓝银皇(上)"
443,https://www.freexs.org/novel/0/896/32769786.html,"第一百三十四章 唐三武魂的真面目,蓝银皇(中)"
444,https://www.freexs.org/novel/0/896/32769787.html,"第一百三十四章 唐三武魂的真面目,蓝银皇(下)"
445,https://www.freexs.org/novel/0/896/32769788.html,第一百三十五章 杀戮之都(上)
446,https://www.freexs.org/novel/0/896/32769789.html,第一百三十五章 杀戮之都(中)
447,https://www.freexs.org/novel/0/896/32769790.html,第一百三十五章 杀戮之都(下)
448,https://www.freexs.org/novel/0/896/32769791.html,第一百三十六章 地狱杀戮场(上)
449,https://www.freexs.org/novel/0/896/32769792.html,第一百三十六章 地狱杀戮场(中)
450,https://www.freexs.org/novel/0/896/32769793.html,第一百三十六章 地狱杀戮场(下)
451,https://www.freexs.org/novel/0/896/32769794.html,第一百三十七章 杀戮之王(上)
452,https://www.freexs.org/novel/0/896/32769795.html,第一百三十七章 杀戮之王(中)
453,https://www.freexs.org/novel/0/896/32769796.html,第一百三十七章 杀戮之王(下)
454,https://www.freexs.org/novel/0/896/32769797.html,"第一百三十八章 血的祭奠,地狱路(上)"
455,https://www.freexs.org/novel/0/896/32769798.html,"第一百三十八章 血的祭奠,地狱路(中)"
456,https://www.freexs.org/novel/0/896/32769799.html,"第一百三十八章 血的祭奠,地狱路(下)"
457,https://www.freexs.org/novel/0/896/32769800.html,第一百三十九章 暗金三头蝙蝠王(上)
458,https://www.freexs.org/novel/0/896/32769801.html,第一百三十九章 暗金三头蝙蝠王(中)
459,https://www.freexs.org/novel/0/896/32769802.html,第一百三十九章 暗金三头蝙蝠王(下)
460,https://www.freexs.org/novel/0/896/32769803.html,第一百四十章 十首烈阳蛇(上)
461,https://www.freexs.org/novel/0/896/32769804.html,第一百四十章 十首烈阳蛇(中)
462,https://www.freexs.org/novel/0/896/32769805.html,第一百四十章 十首烈阳蛇(下)
463,https://www.freexs.org/novel/0/896/32769806.html,第二十一集 唐三的第三魂骨 第一百四十一章 蓝银领域与杀神领域(上)
464,https://www.freexs.org/novel/0/896/32769807.html,第一百四十一章 蓝银领域与杀神领域(中)
465,https://www.freexs.org/novel/0/896/32769808.html,第一百四十一章 蓝银领域与杀神领域(下)
466,https://www.freexs.org/novel/0/896/32769809.html,第一百四十二章 月轩、姑姑(上)
467,https://www.freexs.org/novel/0/896/32769810.html,第一百四十二章 月轩、姑姑(中)
468,https://www.freexs.org/novel/0/896/32769811.html,第一百四十二章 月轩、姑姑(下)
469,https://www.freexs.org/novel/0/896/32769812.html,"第一百四十三章 铅华洗尽,圆融如意(上)"
470,https://www.freexs.org/novel/0/896/32769813.html,"第一百四十三章 铅华洗尽,圆融如意(中)"
471,https://www.freexs.org/novel/0/896/32769814.html,"第一百四十三章 铅华洗尽,圆融如意(下)"
472,https://www.freexs.org/novel/0/896/32769815.html,"第一百四十四章 唐三的母亲,十万年蓝银皇(上)"
473,https://www.freexs.org/novel/0/896/32769816.html,"第一百四十四章 唐三的母亲,十万年蓝银皇(中)"
474,https://www.freexs.org/novel/0/896/32769817.html,"第一百四十四章 唐三的母亲,十万年蓝银皇(下)"
475,https://www.freexs.org/novel/0/896/32769818.html,"第一百四十五章 母亲的遗物,蓝银皇右腿骨(上)"
476,https://www.freexs.org/novel/0/896/32769819.html,"第一百四十五章 母亲的遗物,蓝银皇右腿骨(中)"
477,https://www.freexs.org/novel/0/896/32769820.html,"第一百四十五章 母亲的遗物,蓝银皇右腿骨(下)"
478,https://www.freexs.org/novel/0/896/32769821.html,第一百四十六章 回归昊天宗(上)
479,https://www.freexs.org/novel/0/896/32769822.html,第一百四十六章 回归昊天宗(中)
480,https://www.freexs.org/novel/0/896/32769823.html,第一百四十六章 回归昊天宗(下)
481,https://www.freexs.org/novel/0/896/32769824.html,第一百四十七章 啸天斗罗(上)
482,https://www.freexs.org/novel/0/896/32769825.html,第一百四十七章 啸天斗罗(中)
483,https://www.freexs.org/novel/0/896/32769826.html,第一百四十七章 啸天斗罗(下)
484,https://www.freexs.org/novel/0/896/32769827.html,第二十二集 昊天宗 第一百四十八章 蓝银皇的霸道控制力(上)
485,https://www.freexs.org/novel/0/896/32769828.html,第一百四十八章 蓝银皇的霸道控制力(中)
486,https://www.freexs.org/novel/0/896/32769829.html,第一百四十八章 蓝银皇的霸道控制力(下)
487,https://www.freexs.org/novel/0/896/32769830.html,"第一百四十九章 第五魂技,蓝银霸王枪(上)"
488,https://www.freexs.org/novel/0/896/32769831.html,"第一百四十九章 第五魂技,蓝银霸王枪(中)"
489,https://www.freexs.org/novel/0/896/32769832.html,"第一百四十九章 第五魂技,蓝银霸王枪(下)"
490,https://www.freexs.org/novel/0/896/32769833.html,第一百五十章 虚空鬼影迷踪(上)
491,https://www.freexs.org/novel/0/896/32769834.html,第一百五十章 虚空鬼影迷踪(中)
492,https://www.freexs.org/novel/0/896/32769835.html,第一百五十章 虚空鬼影迷踪(下)
493,https://www.freexs.org/novel/0/896/32769836.html,"第一百五十一章 史莱克,再聚首(上)"
494,https://www.freexs.org/novel/0/896/32769837.html,"第一百五十一章 史莱克,再聚首(中)"
495,https://www.freexs.org/novel/0/896/32769838.html,"第一百五十一章 史莱克,再聚首(下)"
496,https://www.freexs.org/novel/0/896/32769839.html,第一百五十二章 五年来的变化(上)
497,https://www.freexs.org/novel/0/896/32769840.html,第一百五十二章 五年来的变化(中)
498,https://www.freexs.org/novel/0/896/32769841.html,第一百五十二章 五年来的变化(下)
499,https://www.freexs.org/novel/0/896/32769842.html,第一百五十三章 奥斯卡的第六魂环(上)
500,https://www.freexs.org/novel/0/896/32769843.html,第一百五十三章 奥斯卡的第六魂环(中)
501,https://www.freexs.org/novel/0/896/32769844.html,第一百五十三章 奥斯卡的第六魂环(下)
502,https://www.freexs.org/novel/0/896/32769845.html,第一百五十四章 蓝银领域真正的威力(上)
503,https://www.freexs.org/novel/0/896/32769846.html,第一百五十四章 蓝银领域真正的威力(中)
504,https://www.freexs.org/novel/0/896/32769847.html,第一百五十四章 蓝银领域真正的威力(下)
505,https://www.freexs.org/novel/0/896/32769848.html,第二十三集 猎魂行动 第一百五十五章 魂斗罗级别的碰撞
506,https://www.freexs.org/novel/0/896/32769849.html,"第一百五十六章 猎魂,灭门"
507,https://www.freexs.org/novel/0/896/32769850.html,第一百五十七章 再遇胡列娜
508,https://www.freexs.org/novel/0/896/32769851.html,第一百五十八章 成功潜伏
509,https://www.freexs.org/novel/0/896/32769852.html,"第一百五十九章 小舞,我的爱人,终再相见"
510,https://www.freexs.org/novel/0/896/32769853.html,第一百六十章 森林死战
511,https://www.freexs.org/novel/0/896/32769854.html,"第一百六十一章 同样的命运,唐三的十万年魂环"
512,https://www.freexs.org/novel/0/896/32769855.html,第二十四集 异界唐门 第一百六十二章 复活的希望
513,https://www.freexs.org/novel/0/896/32769856.html,"第一百六十三章 进化,八蛛矛"
514,https://www.freexs.org/novel/0/896/32769857.html,第一百六十四章 皇室秘辛
515,https://www.freexs.org/novel/0/896/32769858.html,第一百六十五章 八蛛矛进化铠甲的缘由
516,https://www.freexs.org/novel/0/896/32769859.html,"第一百六十六章 奥斯卡归来,复制镜像肠(求月票)"
517,https://www.freexs.org/novel/0/896/32769860.html,"第一百六十七章 奥斯卡,宁荣荣"
518,https://www.freexs.org/novel/0/896/32769861.html,"第一百六十八章 唐门,力之一族"
519,https://www.freexs.org/novel/0/896/32769862.html,第二十五本 单属宗族 第一百六十九章 单属性四大宗族
520,https://www.freexs.org/novel/0/896/32769863.html,第一百七十章 猥琐三贱客
521,https://www.freexs.org/novel/0/896/32769864.html,第一百七十一章 御之一族
522,https://www.freexs.org/novel/0/896/32769865.html,"第一百七十二章 对阵,与板甲巨犀比防御"
523,https://www.freexs.org/novel/0/896/32769866.html,"第一百七十三章 破防,乱披风之威"
524,https://www.freexs.org/novel/0/896/32769867.html,第一百七十四章 御之一族入唐门
525,https://www.freexs.org/novel/0/896/32769868.html,第一百七十五章 鬼影迷踪斗纯敏
526,https://www.freexs.org/novel/0/896/32769869.html,"第二十六集 小舞复活 第一百七十六章 唐三的第六魂技,小舞现身"
527,https://www.freexs.org/novel/0/896/32769870.html,第一百七十七章 水晶血龙参
528,https://www.freexs.org/novel/0/896/32769871.html,第一百七十八章 唐三VS杨无敌
529,https://www.freexs.org/novel/0/896/32769872.html,第一百七十九章 唐三第六魂技:虚无、爆杀八段摔
530,https://www.freexs.org/novel/0/896/32769873.html,"第一百八十章 复活,小舞,二分之一"
531,https://www.freexs.org/novel/0/896/32769874.html,"第一百八十一章 五年的差距,一挑三"
532,https://www.freexs.org/novel/0/896/32769875.html,第一百八十二章 四元素学院的来意
533,https://www.freexs.org/novel/0/896/32769876.html,第二十七集 庚辛城 第一百八十三章 金属之都庚辛城
534,https://www.freexs.org/novel/0/896/32769877.html,第一百八十四章 神匠楼高
535,https://www.freexs.org/novel/0/896/32769878.html,第一百八十五章 真的滚出去了
536,https://www.freexs.org/novel/0/896/32769879.html,第一百八十六章 寒心铁精与深海沉银
537,https://www.freexs.org/novel/0/896/32769880.html,第一百八十七章 月黑风高杀人夜
538,https://www.freexs.org/novel/0/896/32769881.html,"第一百八十八掌 神器,八宝如意软甲"
539,https://www.freexs.org/novel/0/896/32769882.html,第一百八十九章 唐门五堂
540,https://www.freexs.org/novel/0/896/32769883.html,"第二十八集 天斗宫变 第一百九十章 宫闱,惊变,敌影现"
541,https://www.freexs.org/novel/0/896/32769884.html,第一百九十一章 刺豚、蛇矛、破魂枪
542,https://www.freexs.org/novel/0/896/32769885.html,第一百九十二章 杀神领域VS天使领域
543,https://www.freexs.org/novel/0/896/32769886.html,"第一百九十三章 自创魂技,乱披风之舞"
544,https://www.freexs.org/novel/0/896/32769887.html,"第一百九十四章 小舞,复活,四分之一(求月票)"
545,https://www.freexs.org/novel/0/896/32769888.html,"第一百九十五章 六块,魂骨,天使神装"
546,https://www.freexs.org/novel/0/896/32769889.html,第一百九十六章 九十九级的封号斗罗
547,https://www.freexs.org/novel/0/896/32769890.html,第二十九集 海神岛 第一百九十七章 魔鬼岛?海神岛?
548,https://www.freexs.org/novel/0/896/32769891.html,第一百九十八章 三位绝世斗罗的来历
549,https://www.freexs.org/novel/0/896/32769892.html,"第一百九十九章 唐三和小舞的幸福,订婚"
550,https://www.freexs.org/novel/0/896/32769893.html,"第二百章 重聚,史莱克七怪"
551,https://www.freexs.org/novel/0/896/32769894.html,"第二百零一章 镇国之宝赠唐三,瀚海乾坤罩"
552,https://www.freexs.org/novel/0/896/32769895.html,第二百零二章 瀚海乾坤罩
553,https://www.freexs.org/novel/0/896/32769896.html,第二百零三章 暗影猎手
554,https://www.freexs.org/novel/0/896/32769897.html,"第三十集 瀚海城 第二百零四章 唐门第四,一千零一夜"
555,https://www.freexs.org/novel/0/896/32769898.html,第二百零五章 嗜血狂化之飓风右腿
556,https://www.freexs.org/novel/0/896/32769899.html,第二百零六章 瀚海大斗魂场
557,https://www.freexs.org/novel/0/896/32769900.html,"第二百零七章 不要崇拜哥,哥只是个传说"
558,https://www.freexs.org/novel/0/896/32769901.html,第二百零八章 海上旖旎
559,https://www.freexs.org/novel/0/896/32769902.html,第二百零九章 魔鲸海域
560,https://www.freexs.org/novel/0/896/32769903.html,"第二百一十章 超级十万年,海中霸主"
561,https://www.freexs.org/novel/0/896/32769904.html,第三十一集 登陆海神岛 第二百一十一章 险死还生、塞翁失马
562,https://www.freexs.org/novel/0/896/32769905.html,第二百一十二章 神医拜师
563,https://www.freexs.org/novel/0/896/32769906.html,第二百一十三章 火辣辣的紫珍珠
564,https://www.freexs.org/novel/0/896/32769907.html,"第二百一十四章 主人,要性服务么?"
565,https://www.freexs.org/novel/0/896/32769908.html,第二百一十五章 供奉海神的海神岛
566,https://www.freexs.org/novel/0/896/32769909.html,第二百一十六章 避水乾坤罩
567,https://www.freexs.org/novel/0/896/32769910.html,"第二百一十七章 海马圣柱,黑级六考"
568,https://www.freexs.org/novel/0/896/32769911.html,第三十二集 海神的考验 第二百一十八章 顶级七考与黄级一考
569,https://www.freexs.org/novel/0/896/32769912.html,"第二百一十九章 海神九考,三叉戟烙印"
570,https://www.freexs.org/novel/0/896/32769913.html,第二百二十章 海神之光
571,https://www.freexs.org/novel/0/896/32769914.html,第二百二十一章 海神之光的奥秘
572,https://www.freexs.org/novel/0/896/32769915.html,第二百二十二章 神赐魂环
573,https://www.freexs.org/novel/0/896/32769916.html,第二百二十三章 天使与罗刹
574,https://www.freexs.org/novel/0/896/32769917.html,"第二百二十四章 十万年,唐三的第七魂环(求月票)"
575,https://www.freexs.org/novel/0/896/32769918.html,"第三十三集 七怪真身 第二百二十五章 穿越,海神之光"
576,https://www.freexs.org/novel/0/896/32769919.html,"第二百二十六章 穿越,双倍,海神之光"
577,https://www.freexs.org/novel/0/896/32769920.html,"第二百二十七章 唐三的底牌,进化的杀神领域之技"
578,https://www.freexs.org/novel/0/896/32769921.html,第二百二十八章 奥斯卡猥琐的第七魂技
579,https://www.freexs.org/novel/0/896/32769922.html,"第二百二十九章 十万年,魔魂大白鲨之王"
580,https://www.freexs.org/novel/0/896/32769923.html,第二百三十章 莽撞的魔魂大白鲨之王
581,https://www.freexs.org/novel/0/896/32769924.html,第二百三十一章 邪火凤凰的武魂真身
582,https://www.freexs.org/novel/0/896/32769925.html,第三十四集 唐三八环 第二百三十二章 七首火凤凰
583,https://www.freexs.org/novel/0/896/32769926.html,第二百三十三章 凤凰领域
584,https://www.freexs.org/novel/0/896/32769927.html,"第二百三十四章 第三考,潮汐炼体"
585,https://www.freexs.org/novel/0/896/32769928.html,"第二百三十五章 紫极魔瞳的最终境界,浩瀚"
586,https://www.freexs.org/novel/0/896/32769929.html,"第二百三十六章 第四考,鲨鲸之战"
587,https://www.freexs.org/novel/0/896/32769930.html,第二百三十七章 巧杀邪魔虎鲸
588,https://www.freexs.org/novel/0/896/32769931.html,第二百三十八章 唐三的第八魂环
589,https://www.freexs.org/novel/0/896/32769932.html,"第三十五集 挑战,封号斗罗 第二百三十九章 十万年邪魔左腿骨"
590,https://www.freexs.org/novel/0/896/32769933.html,"第二百四十章 第五考,挑战,封号斗罗"
591,https://www.freexs.org/novel/0/896/32769934.html,第二百四十一章 海马圣柱之战
592,https://www.freexs.org/novel/0/896/32769935.html,第二百四十二章 控制!邪眸白虎VS海之矛
593,https://www.freexs.org/novel/0/896/32769936.html,"第二百四十三章 再现,小舞献祭的时刻"
594,https://www.freexs.org/novel/0/896/32769937.html,"第二百四十四章 挑战,海星圣柱"
595,https://www.freexs.org/novel/0/896/32769938.html,"第二百四十五章 海魔女,人鱼公主?"
596,https://www.freexs.org/novel/0/896/32769939.html,"第三十六集 海神斗罗 第二百四十六章 进化十万年,唐三的第五魂环"
597,https://www.freexs.org/novel/0/896/32769940.html,第二百四十七章 海龙斗罗
598,https://www.freexs.org/novel/0/896/32769941.html,"第二百四十八章 控鹤擒龙,昊天飞锤"
599,https://www.freexs.org/novel/0/896/32769942.html,"第二百四十九章 第六考,海神斗罗的攻击"
600,https://www.freexs.org/novel/0/896/32769943.html,"第二百五十章 海神斗罗,无限接近于神的实力"
601,https://www.freexs.org/novel/0/896/32769944.html,"第二百五十一章 借势过关,冲破,第六考"
602,https://www.freexs.org/novel/0/896/32769945.html,"第二百五十二章 海神神诋,成神之路"
603,https://www.freexs.org/novel/0/896/32769946.html,"第三十七集 海神三叉戟 第二百五十三章 拔出,神器,海神的三叉戟"
604,https://www.freexs.org/novel/0/896/32769947.html,"第二百五十四章 海神三叉戟,重十万八千斤"
605,https://www.freexs.org/novel/0/896/32769948.html,第二百五十五章 四年来的收获与分别
606,https://www.freexs.org/novel/0/896/32769949.html,第二百五十六章 武魂帝国
607,https://www.freexs.org/novel/0/896/32769950.html,第二百五十七章 海神三叉戟之威
608,https://www.freexs.org/novel/0/896/32769951.html,"第二百五十八章 再现,杀戮之王"
609,https://www.freexs.org/novel/0/896/32769952.html,第二百五十九章 杀戮之王?曾祖?
610,https://www.freexs.org/novel/0/896/32769953.html,第三十八集 复活吧!我的爱人 第二百六十章 两大神兽的危机
611,https://www.freexs.org/novel/0/896/32769954.html,第二百六十一章 唐三与比比东的第一次交手
612,https://www.freexs.org/novel/0/896/32769955.html,"第二百六十二章 海神的技能,黄金十三戟(高潮,求月票)"
613,https://www.freexs.org/novel/0/896/32769956.html,"第二百六十三章 献祭!森林之王,唐三九环"
614,https://www.freexs.org/novel/0/896/32769957.html,"第二百六十四章 复活之地,落日森林"
615,https://www.freexs.org/novel/0/896/32769958.html,"第二百六十五章 复活吧,我的爱人"
616,https://www.freexs.org/novel/0/896/32769959.html,"第二百六十六章 蓝银领域之终极进化,海纳百川"
617,https://www.freexs.org/novel/0/896/32769960.html,第三十九集 重返昊天 第二百六十七章 送上门来的大礼
618,https://www.freexs.org/novel/0/896/32769961.html,第二百六十八章 铁汉柔情
619,https://www.freexs.org/novel/0/896/32769962.html,第二百六十九章 重返昊天宗
620,https://www.freexs.org/novel/0/896/32769963.html,第二百七十章 泰坦苍穹破与天青迟钝神爪
621,https://www.freexs.org/novel/0/896/32769964.html,"第二百七十一章 宗门首席,昊天令"
622,https://www.freexs.org/novel/0/896/32769965.html,"第二百七十二章 神匠遗物,绝世暗器"
623,https://www.freexs.org/novel/0/896/32769966.html,"第二百七十三章 唐家军,九十三级,帝师"
624,https://www.freexs.org/novel/0/896/32769967.html,第四十集 大战初始 第二百七十四章 天斗大军
625,https://www.freexs.org/novel/0/896/32769968.html,"第二百七十五章 七怪,守护,补给线"
626,https://www.freexs.org/novel/0/896/32769969.html,第二百七十六章 唐三的第九魂技
627,https://www.freexs.org/novel/0/896/32769970.html,第二百七十七章 天青寂灭雷霆
628,https://www.freexs.org/novel/0/896/32769971.html,"第二百七十八章 再战比比东,唐家军初显威(绝对高潮求月票)"
629,https://www.freexs.org/novel/0/896/32769972.html,第二百七十九章 紫极魔瞳之修罗魔光
630,https://www.freexs.org/novel/0/896/32769973.html,第二百八十章 计定总攻
631,https://www.freexs.org/novel/0/896/32769974.html,第四十一集 血战嘉陵关 第二百八十一章 一个人的战场
632,https://www.freexs.org/novel/0/896/32769975.html,"第二百八十二章 唐门绝顶,佛怒唐莲"
633,https://www.freexs.org/novel/0/896/32769976.html,"第二百八十三章 六大供奉,巅峰斗罗"
634,https://www.freexs.org/novel/0/896/32769977.html,"第二百八十四章 击溃,九十六级的供奉兄弟"
635,https://www.freexs.org/novel/0/896/32769978.html,"第二百八十五章 真正的昊天锤,完全状态的昊天斗罗"
636,https://www.freexs.org/novel/0/896/32769979.html,"弟二百八十六章 昊天宗神技,大须弥锤"
637,https://www.freexs.org/novel/0/896/32769980.html,"第二百八十七章 天使第九考,传承神诋"
638,https://www.freexs.org/novel/0/896/32769981.html,第四十二集 天使之神 第二百八十八章 邪神附体之暗魔邪神虎
639,https://www.freexs.org/novel/0/896/32769982.html,第二百八十九章 聪明绝顶的超级魂兽
640,https://www.freexs.org/novel/0/896/32769983.html,"第二百九十章 返老还童之战,昊天锤第四魂环"
641,https://www.freexs.org/novel/0/896/32769984.html,"第二百九十一章 神级进化,八蛛矛"
642,https://www.freexs.org/novel/0/896/32769985.html,第二百九十二章 九万年!千钧蚁皇三兄弟
643,https://www.freexs.org/novel/0/896/32769986.html,"第二百九十三章 昆虫魂兽的克星,神级八蛛矛"
644,https://www.freexs.org/novel/0/896/32769987.html,"第二百九十四章 宁为玉碎,不为瓦全"
645,https://www.freexs.org/novel/0/896/32769988.html,第四十三集 唐三战天使 第二百九十五章 神级天使第一战
646,https://www.freexs.org/novel/0/896/32769989.html,"第二百九十六章 第十魂环,神级魂环"
647,https://www.freexs.org/novel/0/896/32769990.html,第二百九十七章 大须弥锤之奥义:炸环
648,https://www.freexs.org/novel/0/896/32769991.html,"第二百九十八章 绝对压制,大须弥昊天锤"
649,https://www.freexs.org/novel/0/896/32769992.html,"第二百九十九章 唐门第一,观音有泪"
650,https://www.freexs.org/novel/0/896/32769993.html,第三百章 太阳圣剑
651,https://www.freexs.org/novel/0/896/32769994.html,第三百零一章 大地中的神级追杀
652,https://www.freexs.org/novel/0/896/32769995.html,第四十四集 百万年魂环 第三百零二章 海神降临
653,https://www.freexs.org/novel/0/896/32769996.html,"第三百零三章 目标,深海魔鲸王"
654,https://www.freexs.org/novel/0/896/32769997.html,第三百零四章 战斗吧!深海魔鲸王
655,https://www.freexs.org/novel/0/896/32769998.html,"第三百零五章 一线之差的神,百万年魂兽"
656,https://www.freexs.org/novel/0/896/32769999.html,第三百零六章 唐三VS深海魔鲸王
657,https://www.freexs.org/novel/0/896/32770000.html,"第三百零七章 灭杀魔鲸王,变异的杀神领域"
658,https://www.freexs.org/novel/0/896/32770001.html,第三百零八章 百万年魂环与百万年魂骨
659,https://www.freexs.org/novel/0/896/32770002.html,第四十五集 海神传承 第三百零九章 深海魔鲸王脑袋里的宝贝
660,https://www.freexs.org/novel/0/896/32770003.html,"第三百一十章 两个传承选择,海神还是修罗神?"
661,https://www.freexs.org/novel/0/896/32770004.html,"第三百一十一章 传承开始,献祭,海神斗罗"
662,https://www.freexs.org/novel/0/896/32770005.html,第三百一十二章 海神与修罗神
663,https://www.freexs.org/novel/0/896/32770006.html,"第三百一十三章 魂骨剥离,海神八翼"
664,https://www.freexs.org/novel/0/896/32770007.html,"第三百一十四章 爱之一字,心灵感应的救赎"
665,https://www.freexs.org/novel/0/896/32770008.html,"第三百一十五章 唐三:我的处男身只给小舞,海神神装"
666,https://www.freexs.org/novel/0/896/32770009.html,第四十六集 海神唐三 第三百一十六章 海神唐三
667,https://www.freexs.org/novel/0/896/32770010.html,第三百一十七章 海神VS天使神
668,https://www.freexs.org/novel/0/896/32770011.html,第三百一十八章 碧波、海神、无尽蔚蓝
669,https://www.freexs.org/novel/0/896/32770012.html,第三百一十九章 食神与九彩神女
670,https://www.freexs.org/novel/0/896/32770013.html,第三百二十章 七怪封号与复苏的修罗神之力
671,https://www.freexs.org/novel/0/896/32770014.html,"第三百二十一章 小舞的选择,魔剑入体"
672,https://www.freexs.org/novel/0/896/32770015.html,"第三百二十二章 嘉陵关,双神降临"
673,https://www.freexs.org/novel/0/896/32770016.html,"第四十七集 天使罗刹 第三百二十三章 绝世双神,决战万米之上"
674,https://www.freexs.org/novel/0/896/32770017.html,"第三百二十四章 超级版融合技,幽冥白虎"
675,https://www.freexs.org/novel/0/896/32770018.html,"第三百二十五章 六怪发威,兵临城下"
676,https://www.freexs.org/novel/0/896/32770019.html,第三百二十六章 九宝无敌神光
677,https://www.freexs.org/novel/0/896/32770020.html,第三百二十七章 满城尽是绿幽幽
678,https://www.freexs.org/novel/0/896/32770021.html,第三百二十八章 太阳天使
679,https://www.freexs.org/novel/0/896/32770022.html,第三百二十九章 罗刹神现
680,https://www.freexs.org/novel/0/896/32770023.html,第四十八集 完美融合(大结局)第三百三十章 天使与罗刹
681,https://www.freexs.org/novel/0/896/32770024.html,第三百三十一章 海神陨落(求月票)
682,https://www.freexs.org/novel/0/896/32770025.html,第三百三十二章 完美融合之复活神光
683,https://www.freexs.org/novel/0/896/32770026.html,"第二百三十三章 神魂归位,海神归来"
684,https://www.freexs.org/novel/0/896/32770027.html,第二百三十四章 最终决战
685,https://www.freexs.org/novel/0/896/32770028.html,第二百三十五章 完美融合之双神战双神
686,https://www.freexs.org/novel/0/896/32770029.html,"第二百三十六章 大结局,最后一个条件(全书完)"
