city,company,location,title,url
北京,汇中泰德投资有限公司,,Python高级软件工程师,https://jobs.51job.com/beijing/89334689.html?s=01&amp;t=0
深圳-龙华新区,深圳第一光年控股有限公司,,Python开发工程师,https://jobs.51job.com/shenzhen-lhxq/94382250.html?s=01&amp;t=0
上海-浦东新区,上海网钜信息科技有限公司,,Python工程师,https://jobs.51job.com/shanghai-pdxq/74393115.html?s=01&amp;t=0
北京-朝阳区,北京中体骏彩信息技术有限公司,,Python开发工程师,https://jobs.51job.com/beijing-cyq/96153226.html?s=01&amp;t=0
广州,有米科技股份有限公司,,Python开发工程师,https://jobs.51job.com/guangzhou/101588640.html?s=01&amp;t=0
上海-浦东新区,上海领旗信息科技有限公司,,Python 开发工作,https://jobs.51job.com/shanghai-pdxq/89815644.html?s=01&amp;t=0
厦门,厦门点触信息科技有限公司,,服务端开发工程师（Golang/python）,https://jobs.51job.com/xiamen/101578493.html?s=01&amp;t=0
上海-浦东新区,上海天旦网络科技发展有限公司,,高级Python开发工程师,https://jobs.51job.com/shanghai-pdxq/65609732.html?s=01&amp;t=0
深圳-宝安区,深圳市新律技术服务有限公司,,Python爬虫开发,https://jobs.51job.com/shenzhen-baq/101568836.html?s=01&amp;t=0
北京-朝阳区,北京经世万方信息技术有限公司,,Python数据分析师,https://jobs.51job.com/beijing-cyq/98239300.html?s=01&amp;t=0
南京-浦口区,南京中孚信息技术有限公司,,Python开发工程师,https://jobs.51job.com/nanjing-pkq/94414759.html?s=01&amp;t=0
深圳-南山区,善理通益信息科技（深圳）有限公司,,Python开发工程师,https://jobs.51job.com/shenzhen-nsq/101545728.html?s=01&amp;t=0
杭州-滨江区,杭州沃趣科技股份有限公司,,Python开发（CRM）,https://jobs.51job.com/hangzhou-bjq/95757792.html?s=01&amp;t=0
北京-顺义区,天津狮桥国际物流有限公司,,Python开发工程师,https://jobs.51job.com/beijing-syq/101414980.html?s=01&amp;t=0
合肥-高新区,宣城金策信息科技有限公司,,Python开发工程师,https://jobs.51job.com/hefei-gxq/100167443.html?s=01&amp;t=0
北京,北京东方红海科技发展有限公司,,python平台开发工程师,https://jobs.51job.com/beijing/100711849.html?s=01&amp;t=0
苏州-工业园区,苏州云极客信息技术有限公司,,Python开发工程师,https://jobs.51job.com/suzhou-gyyq/97857815.html?s=01&amp;t=0
上海-徐汇区,上海云角信息技术有限公司,,初级Python开发工程师,https://jobs.51job.com/shanghai-xhq/98017142.html?s=01&amp;t=0
广州-天河区,广东雀鸟科技有限公司,,Python爬虫开发工程师,https://jobs.51job.com/guangzhou-thq/89058279.html?s=01&amp;t=0
上海-黄浦区,GQY视讯股份有限公司,,Python开发工程师,https://jobs.51job.com/shanghai-hpq/94379601.html?s=01&amp;t=0
南京-雨花台区,南京擎盾信息科技有限公司,,Python开发工程师,https://jobs.51job.com/nanjing-yhtq/87774190.html?s=01&amp;t=0
上海-黄浦区,NTT DATA（中国）有限公司,,Ruby/Python开发工程师,https://jobs.51job.com/shanghai-hpq/101275450.html?s=01&amp;t=0
南京-江宁区,南京昊亦源信息科技有限公司,,Python开发工程师,https://jobs.51job.com/nanjing-jnq/101010583.html?s=01&amp;t=0
上海-浦东新区,上海凯京信达科技集团有限公司,,python研发工程师,https://jobs.51job.com/shanghai-pdxq/97854363.html?s=01&amp;t=0
广州-天河区,上海添昌信息科技有限公司,,python服务器端开发工程师,https://jobs.51job.com/guangzhou-thq/100085769.html?s=01&amp;t=0
深圳-福田区,携程旅行网深圳分公司,,Python开发J15588,https://jobs.51job.com/shenzhen-ftq/99657911.html?s=01&amp;t=0
福建省,深圳市风云互动网络科技有限公司,,Python开发工程师,https://jobs.51job.com/fujiansheng/100602507.html?s=01&amp;t=0
武汉-东湖新技术产业开发区,武汉智美互联科技有限公司,,Python开发工程师,https://jobs.51job.com/wuhan-dhxjs/98324416.html?s=01&amp;t=0
济南-高新区,山东通文信息科技有限公司,,Python 开发工程师,https://jobs.51job.com/jinan-gxq/100344648.html?s=01&amp;t=0
上海-徐汇区,上海岳城教育科技有限公司,,（10-15k）python讲师-徐家汇,https://jobs.51job.com/shanghai-xhq/100751422.html?s=01&amp;t=0
长沙,湖南康通电子股份有限公司,,Python开发工程师,https://jobs.51job.com/changsha/94830295.html?s=01&amp;t=0
长沙-岳麓区,湖南中名网络科技有限公司,,Python开发工程师,https://jobs.51job.com/changsha-ylq/100966211.html?s=01&amp;t=0
苏州,苏州智泰腾迪信息科技有限公司,,中级python软件工程师,https://jobs.51job.com/suzhou/98739496.html?s=01&amp;t=0
上海-浦东新区,上海十露盘科技有限公司,,Python开发工程师,https://jobs.51job.com/shanghai-pdxq/99779838.html?s=01&amp;t=0
杭州-滨江区,执鼎医疗科技（杭州）有限公司,,Python开发工程师,https://jobs.51job.com/hangzhou-bjq/98145775.html?s=01&amp;t=0
合肥-高新区,安徽晶奇网络科技股份有限公司,,python开发工程师,https://jobs.51job.com/hefei-gxq/97680085.html?s=01&amp;t=0
天津,北京金色华勤数据服务有限公司,,Python开发工程师,https://jobs.51job.com/tianjin/99429816.html?s=01&amp;t=0
重庆-渝北区,重庆格泰尚恒网络科技有限公司,,Python开发工程师,https://jobs.51job.com/chongqing-ybq/99387080.html?s=01&amp;t=0
上海-浦东新区,上海驻云信息科技有限公司,,Python开发工程师,https://jobs.51job.com/shanghai-pdxq/85014051.html?s=01&amp;t=0
北京-东城区,紫梧桐（北京）资产管理有限公司,,Python高级开发工程师（爬虫）,https://jobs.51job.com/beijing-dcq/100683695.html?s=01&amp;t=0
深圳-龙岗区,深圳前海帕拓逊网络技术有限公司,,Python开发工程师,https://jobs.51job.com/shenzhen-lgq/99132556.html?s=01&amp;t=0
北京-海淀区,北京点石经纬科技有限公司,,Python开发工程师,https://jobs.51job.com/beijing-hdq/97122260.html?s=01&amp;t=0
北京-海淀区,北京库神信息技术有限公司,,Python高级工程师,https://jobs.51job.com/beijing-hdq/98778689.html?s=01&amp;t=0
上海-浦东新区,上海基分文化传播有限公司,,Python开发工程师,https://jobs.51job.com/shanghai-pdxq/97756882.html?s=01&amp;t=0
深圳-南山区,图麟信息科技（上海）有限公司,,Python Web开发工程师,https://jobs.51job.com/shenzhen-nsq/97161534.html?s=01&amp;t=0
广州-天河区,广州玄泰信息科技股份有限公司,,Python 工程师,https://jobs.51job.com/guangzhou-thq/95578849.html?s=01&amp;t=0
广州-天河区,广东坤智科技有限公司,,Python PyQt开发工程师,https://jobs.51job.com/guangzhou-thq/95420155.html?s=01&amp;t=0
贵阳,贵州开拓未来计算机技术有限公司,,python爬虫工程师,https://jobs.51job.com/guiyang/101087270.html?s=01&amp;t=0
上海-闵行区,有获网络科技（上海）有限公司,,高级python开发工程师,https://jobs.51job.com/shanghai-mhq/79224894.html?s=01&amp;t=0
广州-番禺区,广州张莉企业管理咨询有限公司,,python 后台开发,https://jobs.51job.com/guangzhou-pyq/101303653.html?s=01&amp;t=0
西安-西咸新区,西安奥卡云数据科技有限公司,,Python工程师,https://jobs.51job.com/xian-xxxq/97973815.html?s=01&amp;t=0
南京,紫光西部数据有限公司,,Python 高级开发工程师,https://jobs.51job.com/nanjing/91535442.html?s=01&amp;t=0
上海-浦东新区,五维引力（上海）数据服务有限公司,,Python Web全栈工程师,https://jobs.51job.com/shanghai-pdxq/97788443.html?s=01&amp;t=0
上海,上海墨桐花开教育科技有限公司,,Python讲师,https://jobs.51job.com/shanghai/93035994.html?s=01&amp;t=0
上海-杨浦区,上海灵兮信息科技有限公司,,Python 机器学习研发工程师,https://jobs.51job.com/shanghai-ypq/96661455.html?s=01&amp;t=0
苏州,图玛深维医疗科技（北京）有限公司,,Python高级软件工程师,https://jobs.51job.com/suzhou/91592266.html?s=01&amp;t=0
福州-仓山区,福州东西电子商务有限公司,,python后端工程师(职位编号：40),https://jobs.51job.com/fuzhou-csq/79857376.html?s=01&amp;t=0
上海,上海中期期货股份有限公司,,Python开发工程师（技术创新部）,https://jobs.51job.com/shanghai/100545297.html?s=01&amp;t=0
上海-徐汇区,交银企业管理服务（上海）有限公司张江高科技园区分公司,,Python开发工程师,https://jobs.51job.com/shanghai-xhq/101203832.html?s=01&amp;t=0
苏州-工业园区,苏州英瀚时信息科技有限公司,,Python开发工程师,https://jobs.51job.com/suzhou-gyyq/101104267.html?s=01&amp;t=0
北京-海淀区,北京聚力维度科技有限公司,,Python后端开发工程师,https://jobs.51job.com/beijing-hdq/85416712.html?s=01&amp;t=0
深圳,深圳市瑞驰信息技术有限公司,,Python开发工程师(职位编号：010),https://jobs.51job.com/shenzhen/83183372.html?s=01&amp;t=0
西安-高新技术产业开发区,西安图迹信息科技有限公司,,Python开发,https://jobs.51job.com/xian-gxjs/77033505.html?s=01&amp;t=0
上海-杨浦区,上海骞云信息科技有限公司,,Python开发,https://jobs.51job.com/shanghai-ypq/79987545.html?s=01&amp;t=0
上海-浦东新区,上海钦文信息科技有限公司,,初级开发工程师（Python）,https://jobs.51job.com/shanghai-pdxq/97714191.html?s=01&amp;t=0
北京-朝阳区,北京火星盒子科技有限公司,,Python开发工程师,https://jobs.51job.com/beijing-cyq/97944901.html?s=01&amp;t=0
广州-黄埔区,广东中粤电力科技有限公司,,Python全栈开发,https://jobs.51job.com/guangzhou-hpq/98192508.html?s=01&amp;t=0
上海-浦东新区,上海江村市隐智能科技有限公司,,Python开发工程师,https://jobs.51job.com/shanghai-pdxq/97576342.html?s=01&amp;t=0
西安-经济技术开发区,中电长城网际系统应用有限公司,,python开发工程师（西安）,https://jobs.51job.com/xian-jjjs/99889305.html?s=01&amp;t=0
上海,数云信息技术（上海）有限公司,,python开发工程师（爬虫方向）,https://jobs.51job.com/shanghai/93694979.html?s=01&amp;t=0
上海-浦东新区,上海辰沅金融信息服务有限公司,,Python程序员,https://jobs.51job.com/shanghai-pdxq/86291962.html?s=01&amp;t=0
北京-海淀区,北京华晨阳通信技术有限责任公司,,Python开发工程师-北京,https://jobs.51job.com/beijing-hdq/98726524.html?s=01&amp;t=0
金华,金华阿帕奇信息技术有限公司,,Python工程师,https://jobs.51job.com/jinhua/95692645.html?s=01&amp;t=0
长沙,深信服科技股份有限公司,,Python开发工程师,https://jobs.51job.com/changsha/101113043.html?s=01&amp;t=0
上海-浦东新区,雷技信息科技（上海）有限公司,,Python开发工程师（参与公司内部开发或外派外企开发）,https://jobs.51job.com/shanghai-pdxq/98417312.html?s=01&amp;t=0
深圳-福田区,前海泰坦科技（深圳）有限公司,,python后台开发,https://jobs.51job.com/shenzhen-ftq/98775017.html?s=01&amp;t=0
北京-东城区,北京信达泰和数据技术有限公司,,Python开发工程师,https://jobs.51job.com/beijing-dcq/97141580.html?s=01&amp;t=0
深圳-龙岗区,达而观信息科技（上海）有限公司,,后端工程师（python/java/C++）,https://jobs.51job.com/shenzhen-lgq/96958141.html?s=01&amp;t=0
济南,山东胜软科技股份有限公司,,Python开发工程师,https://jobs.51job.com/jinan/101318914.html?s=01&amp;t=0
上海-浦东新区,上海载和网络科技有限公司,,Python工程师,https://jobs.51job.com/shanghai-pdxq/86317565.html?s=01&amp;t=0
深圳-南山区,大千视界（深圳）文化传媒有限公司,,Python全栈开发工程师,https://jobs.51job.com/shenzhen-nsq/100248119.html?s=01&amp;t=0
长沙,湖南润科通信科技有限公司,,Python开发工程师,https://jobs.51job.com/changsha/100590208.html?s=01&amp;t=0
珠海,珠海永亚软件有限公司,,Python中级开发工程师,https://jobs.51job.com/zhuhai/100360226.html?s=01&amp;t=0
广州-天河区,广州市长寿村饮品（连锁）有限公司,,Go/Python语言开发工程师,https://jobs.51job.com/guangzhou-thq/88728239.html?s=01&amp;t=0
上海-浦东新区,上海铱芯信息科技有限公司,,python/java高级程序员,https://jobs.51job.com/shanghai-pdxq/97707753.html?s=01&amp;t=0
上海-静安区,壹沓科技（上海）有限公司,,高级Python 爬虫开发工程师,https://jobs.51job.com/shanghai-jaq/96883126.html?s=01&amp;t=0
深圳-南山区,深圳市对酒当歌科技有限公司,,Python开发工程师,https://jobs.51job.com/shenzhen-nsq/86069225.html?s=01&amp;t=0
深圳-南山区,优购科技有限公司,,Python开发工程师(,https://jobs.51job.com/shenzhen-nsq/101122128.html?s=01&amp;t=0
北京-大兴区,北京北财教育科技有限责任公司,,Python开发工程师/讲师,https://jobs.51job.com/beijing-dxq/94233056.html?s=01&amp;t=0
深圳-南山区,深圳市无极云区块链互联网技术开发有限公司,,高级Python后端工程师,https://jobs.51job.com/shenzhen-nsq/100980416.html?s=01&amp;t=0
北京-海淀区,中软宏图（北京）科技有限公司,,诚招Python语言测试员,https://jobs.51job.com/beijing-hdq/101209673.html?s=01&amp;t=0
北京-海淀区,北京傲盾软件有限责任公司,,Python/Golang/Linux C/中高级研发工程师,https://jobs.51job.com/beijing-hdq/96393288.html?s=01&amp;t=0
深圳-福田区,深圳市百迅科技有限公司,,Python开发工程师,https://jobs.51job.com/shenzhen-ftq/89886829.html?s=01&amp;t=0
杭州-西湖区,浙江诺诺网络科技有限公司,,Python开发工程师,https://jobs.51job.com/hangzhou-xhq/98146730.html?s=01&amp;t=0
北京-朝阳区,深圳市云充吧科技有限公司,,Python开发工程师,https://jobs.51job.com/beijing-cyq/95035390.html?s=01&amp;t=0
武汉-洪山区,引力互动科技（武汉）有限公司,,Python高级开发工程师,https://jobs.51job.com/wuhan-hsq/92592232.html?s=01&amp;t=0
西安,摩石环球科技有限公司,,Python开发工程师,https://jobs.51job.com/xian/101167271.html?s=01&amp;t=0
北京-通州区,北京维恩咨询有限公司,,Python开发工程师,https://jobs.51job.com/beijing-tzq/99092511.html?s=01&amp;t=0
北京-朝阳区,企鹅创新（北京）科技有限公司,,Python工程师,https://jobs.51job.com/beijing-cyq/101295400.html?s=01&amp;t=0
武汉-武昌区,武汉一起好金融信息服务股份有限公司,,高级Python开发工程师,https://jobs.51job.com/wuhan-wcq/93915562.html?s=01&amp;t=0
成都,北京安必奇生物科技有限公司,,ERP实施顾问(Python开发),https://jobs.51job.com/chengdu/99198414.html?s=01&amp;t=0
南京-雨花台区,南京优玛软件科技有限公司,,Python开发工程师（工作地点：软件大道）,https://jobs.51job.com/nanjing-yhtq/97866839.html?s=01&amp;t=0
广州,北京金色华勤数据服务有限公司广州分公司,,Python开发工程师(职位编号：09),https://jobs.51job.com/guangzhou/99419415.html?s=01&amp;t=0
上海-徐汇区,德仪科技有限公司,,Python软件工程师,https://jobs.51job.com/shanghai-xhq/99653958.html?s=01&amp;t=0
成都-青羊区,成都盛世普益科技有限公司,,Python 开发工程师,https://jobs.51job.com/chengdu-qyq/97701590.html?s=01&amp;t=0
广州,广州汇智通信技术有限公司,,Python开发工程师,https://jobs.51job.com/guangzhou/87858770.html?s=01&amp;t=0
深圳,深圳市尚锐科技有限公司,,python 工程师-大数据方向,https://jobs.51job.com/shenzhen/96924262.html?s=01&amp;t=0
北京-丰台区,融信在线（北京）教育科技有限公司,,Python开发工程师,https://jobs.51job.com/beijing-ftq/75101700.html?s=01&amp;t=0
上海-黄浦区,上海量锐信息科技有限公司,,Python开发工程师,https://jobs.51job.com/shanghai-hpq/100344793.html?s=01&amp;t=0
上海-黄浦区,苹果授权培训中心（上海环球友好培训中心）,,Python开发培训讲师（全职或***）,https://jobs.51job.com/shanghai-hpq/74046562.html?s=01&amp;t=0
苏州-吴中区,上海聪创网络科技有限公司,,Python工程师 （大数据方向）,https://jobs.51job.com/suzhou-wzq/99882691.html?s=01&amp;t=0
深圳-南山区,富士康科技集团New PCEBG事业群,,Python应用开发工程师,https://jobs.51job.com/shenzhen-nsq/96113855.html?s=01&amp;t=0
上海-浦东新区,上海进馨网络科技有限公司（纳米盒）,,Python开发工程师,https://jobs.51job.com/shanghai-pdxq/75013335.html?s=01&amp;t=0
北京-海淀区,北京启明合心科技有限公司,,Python开发工程师,https://jobs.51job.com/beijing-hdq/101210286.html?s=01&amp;t=0
杭州-拱墅区,杭州酷创教育科技有限公司,,Python讲师,https://jobs.51job.com/hangzhou-gsq/100341552.html?s=01&amp;t=0
杭州-西湖区,杭州航桓科技有限公司,,量化开发工程师（python）(可招收实习生),https://jobs.51job.com/hangzhou-xhq/98555656.html?s=01&amp;t=0
上海-浦东新区,上海江村市隐智能科技有限公司,,Python开发工程师,https://jobs.51job.com/shanghai-pdxq/100717951.html?s=01&amp;t=0
深圳-南山区,深圳市大疆创新科技有限公司,,Python软件工程师,https://jobs.51job.com/shenzhen-nsq/101171879.html?s=01&amp;t=0
北京-海淀区,北京卡尤迪医学检验所有限公司,,Python开发工程师(仪器研发类）,https://jobs.51job.com/beijing-hdq/101029058.html?s=01&amp;t=0
上海-杨浦区,上海展湾信息科技有限公司,,资深Python工程师,https://jobs.51job.com/shanghai-ypq/100775754.html?s=01&amp;t=0
武汉-洪山区,武汉中龙智慧科技有限公司,,Python开发工程师(职位编号：2),https://jobs.51job.com/wuhan-hsq/101317032.html?s=01&amp;t=0
昆山,苏州中德宏泰电子科技股份有限公司,,Python开发工程师,https://jobs.51job.com/kunshan/98617660.html?s=01&amp;t=0
广州-番禺区,广东海大集团股份有限公司,,SQL/Python顾问,https://jobs.51job.com/guangzhou-pyq/95799972.html?s=01&amp;t=0
郑州-郑东新区,中奕信息技术有限责任公司,,Python开发工程师,https://jobs.51job.com/zhengzhou-zzxq/98741634.html?s=01&amp;t=0
上海,北京华数康数据科技有限公司,,Python后端开发,https://jobs.51job.com/shanghai/98467606.html?s=01&amp;t=0
深圳-罗湖区,深圳优博视科技有限公司,,python/Django web开发工程师,https://jobs.51job.com/shenzhen-lhq/92447868.html?s=01&amp;t=0
深圳-龙华新区,深圳市卡西贸易有限公司,,Python开发工程师,https://jobs.51job.com/shenzhen-lhxq/100762193.html?s=01&amp;t=0
北京-海淀区,瓜子二手车,,Python研发工程师(000635)(职位编号：Guazi000635),https://jobs.51job.com/beijing-hdq/97726094.html?s=01&amp;t=0
上海,上海美问信息科技有限公司,,Python/Odoo开发工程师,https://jobs.51job.com/shanghai/91578266.html?s=01&amp;t=0
长沙-天心区,湖南高阳通联信息技术有限公司,,开发工程师（python方向）,https://jobs.51job.com/changsha-txq/99560232.html?s=01&amp;t=0
深圳,深圳合纵能源技术有限公司,,Python开发工程师,https://jobs.51job.com/shenzhen/98122785.html?s=01&amp;t=0
福州-鼓楼区,福建紫光信息技术有限公司,,Python开发工程师,https://jobs.51job.com/fuzhou-glq/101193278.html?s=01&amp;t=0
深圳-南山区,深圳证券通信有限公司,,高级开发工程师（C++或Python）,https://jobs.51job.com/shenzhen-nsq/94692375.html?s=01&amp;t=0
无锡,江苏恒云太信息科技有限公司,,Python开发工程师,https://jobs.51job.com/wuxi/98484341.html?s=01&amp;t=0
深圳,深圳市中源航空服务有限公司,,Python工程师  爬虫  五险一金 包住 双休,https://jobs.51job.com/shenzhen/91559287.html?s=01&amp;t=0
深圳-南山区,青石经济信息咨询（深圳）有限公司,,Python开发工程师,https://jobs.51job.com/shenzhen-nsq/100142366.html?s=01&amp;t=0
广州,广州优亿信息科技有限公司,,Python工程师,https://jobs.51job.com/guangzhou/100985471.html?s=01&amp;t=0
上海,浙江九州云信息科技有限公司,,Python开发工程师,https://jobs.51job.com/shanghai/99933711.html?s=01&amp;t=0
青岛-崂山区,青岛青科世纪信息技术有限公司,,Python开发工程师,https://jobs.51job.com/qingdao-lsq/90482491.html?s=01&amp;t=0
南京-雨花台区,上海拓攻机器人有限公司,,Python开发工程师,https://jobs.51job.com/nanjing-yhtq/94111030.html?s=01&amp;t=0
南京-建邺区,雷技信息科技（上海）有限公司南京研发中心,,Python开发工程师,https://jobs.51job.com/nanjing-jyq/98423698.html?s=01&amp;t=0
上海-浦东新区,上海融道网金融信息服务有限公司,,爬虫工程师（Python）,https://jobs.51job.com/shanghai-pdxq/92353373.html?s=01&amp;t=0
上海-徐汇区,奕诊（上海）医疗咨询有限公司,,Python 开发,https://jobs.51job.com/shanghai-xhq/100854872.html?s=01&amp;t=0
绍兴,绍兴俊睿云计算有限公司,,Python研发工程师,https://jobs.51job.com/shaoxing/100826819.html?s=01&amp;t=0
深圳,明源软件,,Python（高级&资深&leader）,https://jobs.51job.com/shenzhen/93890287.html?s=01&amp;t=0
杭州-西湖区,杭州领先科技有限公司,,Python开发工程师,https://jobs.51job.com/hangzhou-xhq/101275699.html?s=01&amp;t=0
杭州-西湖区,超触觉（杭州）科技有限公司,,Python开发工程师,https://jobs.51job.com/hangzhou-xhq/99453380.html?s=01&amp;t=0
深圳-南山区,深圳开黑科技有限公司,,Python自动化测试,https://jobs.51job.com/shenzhen-nsq/96358349.html?s=01&amp;t=0
广州-天河区,广州轩意网络科技有限公司,,c++/java/golang/python服务端转erlang,https://jobs.51job.com/guangzhou-thq/93722479.html?s=01&amp;t=0
上海-浦东新区,东吴在线（上海）金融信息服务有限公司,,Python高级开发工程师,https://jobs.51job.com/shanghai-pdxq/90293570.html?s=01&amp;t=0
上海-黄浦区,糖小护健康科技（上海）有限公司,,Python高级开发工程师,https://jobs.51job.com/shanghai-hpq/97725634.html?s=01&amp;t=0
成都,昊盈信息技术（成都）有限公司,,Python高级开发工程师,https://jobs.51job.com/chengdu/101360940.html?s=01&amp;t=0
上海-浦东新区,上海举贤企业管理顾问有限公司,,交易系统API编程及后台开发人员（熟悉Python优先）,https://jobs.51job.com/shanghai-pdxq/100291474.html?s=01&amp;t=0
大连-沙河口区,优迅企业管理咨询（大连）有限公司,,自然语言处理工程师/python,https://jobs.51job.com/dalian-shkq/100024409.html?s=01&amp;t=0
上海-松江区,和同软件科技（上海）有限公司,,Python开发工程师(职位编号：ht16),https://jobs.51job.com/shanghai-sjq/94517873.html?s=01&amp;t=0
深圳,北京国双科技有限公司,,资深Python工程师（深圳）,https://jobs.51job.com/shenzhen/95974795.html?s=01&amp;t=0
深圳-南山区,阿斯麦-中国,,C++/Python后台软件开发高级工程师,https://jobs.51job.com/shenzhen-nsq/97021109.html?s=01&amp;t=0
苏州-工业园区,苏州闻道网络科技股份有限公司,,Python工程师,https://jobs.51job.com/suzhou-gyyq/83850563.html?s=01&amp;t=0
深圳-南山区,深圳市炫彩酷游科技有限公司,,Python开发工程师,https://jobs.51job.com/shenzhen-nsq/93639217.html?s=01&amp;t=0
广州,广州智能科技发展有限公司,,Python开发工程师,https://jobs.51job.com/guangzhou/95788688.html?s=01&amp;t=0
哈尔滨,深圳市联晖德科技有限公司,,python /爬虫工程师,https://jobs.51job.com/harbin/97290312.html?s=01&amp;t=0
上海,深圳市腾讯计算机系统有限公司,,25923-python后台开发工程师（深圳/上海）(职位编号：38510),https://jobs.51job.com/shanghai/100187097.html?s=01&amp;t=0
苏州-工业园区,江苏海鼎信息科技有限公司,,python讲师,https://jobs.51job.com/suzhou-gyyq/97175880.html?s=01&amp;t=0
杭州-滨江区,杭州览众数据科技有限公司,,业务与数据分析师实习生（python工程师方向）,https://jobs.51job.com/hangzhou-bjq/100409010.html?s=01&amp;t=0
重庆-渝北区,重庆江小白酒业有限公司,,数据挖掘工程师（python）,https://jobs.51job.com/chongqing-ybq/97279446.html?s=01&amp;t=0
武汉,武汉博宇光电系统有限责任公司,,软件工程师（C#/.NET/ VB6/ Python）,https://jobs.51job.com/wuhan/94266789.html?s=01&amp;t=0
昆山,北京悦游信息技术有限公司,,Python软件研发经理,https://jobs.51job.com/kunshan/91500280.html?s=01&amp;t=0
大连,Capgemini Japan K. K.凯捷日本,,python技术顾问/java技术顾问,https://jobs.51job.com/dalian/89658070.html?s=01&amp;t=0
上海-浦东新区,上海基诺伟嘉实业有限公司,,Python/Odoo高级开发工程师,https://jobs.51job.com/shanghai-pdxq/96927296.html?s=01&amp;t=0
武汉,星云海数字科技股份有限公司,,python研发工程师,https://jobs.51job.com/wuhan/100956847.html?s=01&amp;t=0
天津-滨海新区,零氪科技（北京）有限公司,,python,https://jobs.51job.com/tianjin-bhxq/98461096.html?s=01&amp;t=0
上海-徐汇区,安骑科技有限公司,,数据开发工程师（python方向）,https://jobs.51job.com/shanghai-xhq/92884319.html?s=01&amp;t=0
济南,广州旭升源科技有限公司,,Python开发工程师,https://jobs.51job.com/jinan/100425100.html?s=01&amp;t=0
郑州,郑州赛欧思科技有限公司,,Python Web研发工程师（最低8K起步+朝九晚五+双休）,https://jobs.51job.com/zhengzhou/97719762.html?s=01&amp;t=0
石家庄,河北奇酷信息技术有限公司,,Python讲师,https://jobs.51job.com/shijiazhuang/100904512.html?s=01&amp;t=0
上海-徐汇区,上海亿保网络技术有限公司,,Python 高级开发工程师,https://jobs.51job.com/shanghai-xhq/95000784.html?s=01&amp;t=0
上海,上海润和信息技术服务有限公司,,Python开发工程师,https://jobs.51job.com/shanghai/97345701.html?s=01&amp;t=0
杭州,杭州轻触科技有限公司,,Python开发工程师,https://jobs.51job.com/hangzhou/98514351.html?s=01&amp;t=0
苏州-工业园区,苏州雪松湾教育科技有限公司,,Python高级开发工程师,https://jobs.51job.com/suzhou-gyyq/97551389.html?s=01&amp;t=0
上海,上海海量电子有限公司,,python后端开发工程师,https://jobs.51job.com/shanghai/96405245.html?s=01&amp;t=0
北京-朝阳区,北京微迅联创科技有限公司,,Python开发工程师,https://jobs.51job.com/beijing-cyq/91442305.html?s=01&amp;t=0
上海-长宁区,上海东方低碳科技产业股份有限公司,,python开发工程师,https://jobs.51job.com/shanghai-cnq/93382648.html?s=01&amp;t=0
天津,天津恩梯梯数据有限公司,,Perl/Python开发工程师,https://jobs.51job.com/tianjin/100433375.html?s=01&amp;t=0
深圳,深圳市铱硙医疗科技有限公司,,人工智能工程师（Python）,https://jobs.51job.com/shenzhen/101332436.html?s=01&amp;t=0
武汉-洪山区,武汉飞猫环球商贸有限公司,,高薪诚聘python 开发工程师,https://jobs.51job.com/wuhan-hsq/96272506.html?s=01&amp;t=0
广州-越秀区,广州锦行网络科技有限公司,,Python开发工程师,https://jobs.51job.com/guangzhou-yxq/92933244.html?s=01&amp;t=0
上海,WeX微汇金融,,Python程序员,https://jobs.51job.com/shanghai/87348143.html?s=01&amp;t=0
成都-金牛区,图丰信息（成都）有限责任公司,,Python Developer,https://jobs.51job.com/chengdu-jnq/56088466.html?s=01&amp;t=0
广州-天河区,广州启法信息科技有限公司,,急招Python工程师,https://jobs.51job.com/guangzhou-thq/100743639.html?s=01&amp;t=0
广州-天河区,广州诺涵信息科技有限公司,,python开发/爬虫开发工程师,https://jobs.51job.com/guangzhou-thq/100176240.html?s=01&amp;t=0
无锡-无锡新区,恩梯梯数据（中国）信息技术有限公司,,Python开发工程师,https://jobs.51job.com/wuxi-wxxq/99161442.html?s=01&amp;t=0
上海-徐汇区,孤岛（上海）软件有限公司,,erlang/python服务器开发工程师,https://jobs.51job.com/shanghai-xhq/98416948.html?s=01&amp;t=0
沈阳-和平区,北京聚思信息咨询有限公司,,Python工程师,https://jobs.51job.com/shenyang-hpq/98868338.html?s=01&amp;t=0
上海-徐汇区,上海维祥信息技术有限公司,,Python高级开发工程师,https://jobs.51job.com/shanghai-xhq/97492354.html?s=01&amp;t=0
深圳,深圳市财税无忧科技有限公司,,Python爬虫工程师,https://jobs.51job.com/shenzhen/96342959.html?s=01&amp;t=0
深圳,上海速强信息技术有限公司,,Python开发工程师,https://jobs.51job.com/shenzhen/98814365.html?s=01&amp;t=0
上海-浦东新区,上海甦翔投资咨询有限公司,,Python技术主管,https://jobs.51job.com/shanghai-pdxq/97336830.html?s=01&amp;t=0
上海,上海崇杏健康管理咨询有限公司,,Python开发工程师,https://jobs.51job.com/shanghai/88621984.html?s=01&amp;t=0
成都,网信集团有限公司,,Python高级开发工程师,https://jobs.51job.com/chengdu/99039507.html?s=01&amp;t=0
上海-徐汇区,杉德支付网络服务发展有限公司,,Python开发工程师,https://jobs.51job.com/shanghai-xhq/97174089.html?s=01&amp;t=0
北京-海淀区,北京中创信测科技股份有限公司,,业务平台开发（CC++/python）,https://jobs.51job.com/beijing-hdq/99315676.html?s=01&amp;t=0
昆山,江苏智挥智能技术有限公司,,Python物联网软件工程师,https://jobs.51job.com/kunshan/100212752.html?s=01&amp;t=0
深圳-福田区,深圳市花信科技控股有限公司,,Python开发工程师,https://jobs.51job.com/shenzhen-ftq/100919379.html?s=01&amp;t=0
北京-海淀区,同方鼎欣科技股份有限公司,,Python(熟悉java),https://jobs.51job.com/beijing-hdq/101311105.html?s=01&amp;t=0
广州-天河区,深圳市学灯教育科技有限公司,,Python开发工程师,https://jobs.51job.com/guangzhou-thq/101439382.html?s=01&amp;t=0
上海-徐汇区,上海耕子教育科技有限公司,,Python教研经理,https://jobs.51job.com/shanghai-xhq/101466208.html?s=01&amp;t=0
深圳-南山区,深圳英宝通广告有限公司,,Python开发工程师（服务器）,https://jobs.51job.com/shenzhen-nsq/101467089.html?s=01&amp;t=0
武汉,迈思腾科技（武汉）有限公司,,Python开发,https://jobs.51job.com/wuhan/99286295.html?s=01&amp;t=0
大连-高新园区,英特工程仿真技术（大连）有限公司,,软件开发工程师（Python脚本开发）,https://jobs.51job.com/dalian-gxyq/98944936.html?s=01&amp;t=0
合肥,合肥市合趣网络科技有限公司,,Python开发工程师,https://jobs.51job.com/hefei/94095081.html?s=01&amp;t=0
上海-浦东新区,上海催米网络科技有限公司,,Python数据开发工程师,https://jobs.51job.com/shanghai-pdxq/99999350.html?s=01&amp;t=0
杭州-西湖区,浙江今明教育文化发展有限公司,,Python开发工程师,https://jobs.51job.com/hangzhou-xhq/91566830.html?s=01&amp;t=0
深圳-福田区,深圳市佳创科技有限公司,,初级python开发工程师,https://jobs.51job.com/shenzhen-ftq/101431302.html?s=01&amp;t=0
南京,江苏物合智联科技有限公司,,Python开发工程师,https://jobs.51job.com/nanjing/100953794.html?s=01&amp;t=0
武汉-洪山区,武汉金读科技有限公司,,Python软件工程师,https://jobs.51job.com/wuhan-hsq/64274846.html?s=01&amp;t=0
北京,中国人民大学网络教育学院,,Python开发工程师,https://jobs.51job.com/beijing/95705524.html?s=01&amp;t=0
北京,北京好巧国际旅行社有限公司,,Python高级研发工程师,https://jobs.51job.com/beijing/91816421.html?s=01&amp;t=0
北京-朝阳区,大唐奇安网络科技有限公司,,python全栈开发工程师,https://jobs.51job.com/beijing-cyq/101451240.html?s=01&amp;t=0
哈尔滨-松北区,北京欣如信科技有限公司哈尔滨分公司,,Python开发学徒（可实习可带）+3600起薪,https://jobs.51job.com/hadongbin-sbq/98403157.html?s=01&amp;t=0
杭州-江干区,杭州焱雷网络科技有限公司,,python开发工程师（PaaS云平台）,https://jobs.51job.com/hangzhou-jgq/99381894.html?s=01&amp;t=0
武汉-东湖新技术产业开发区,武汉芯云道数据科技有限公司,,python软件开发工程师,https://jobs.51job.com/wuhan-dhxjs/99300385.html?s=01&amp;t=0
深圳,深圳市恒利隆实业有限公司,,Python大数据工程师,https://jobs.51job.com/shenzhen/101432663.html?s=01&amp;t=0
北京-海淀区,北京中科重德智能科技有限公司,,Python高级开发工程师,https://jobs.51job.com/beijing-hdq/101307335.html?s=01&amp;t=0
广州-天河区,广州智品网络科技有限公司,,Python或GO开发,https://jobs.51job.com/guangzhou-thq/94134411.html?s=01&amp;t=0
苏州,苏州高博应诺信息科技有限公司,,Python Web讲师,https://jobs.51job.com/suzhou/100858544.html?s=01&amp;t=0
北京-朝阳区,人人车,,python运维开发工程师（侧重开发）,https://jobs.51job.com/beijing-cyq/98597907.html?s=01&amp;t=0
成都-高新区,成都源代码教育咨询有限公司,,Python讲师,https://jobs.51job.com/chengdu-gxq/96001306.html?s=01&amp;t=0
武汉,华大基因,,Python开发工程师,https://jobs.51job.com/wuhan/99821119.html?s=01&amp;t=0
南京,南京富士通南大软件技术有限公司,,Python开发工程师,https://jobs.51job.com/nanjing/81222436.html?s=01&amp;t=0
深圳-南山区,深圳市天彦通信股份有限公司,,Python开发工程师,https://jobs.51job.com/shenzhen-nsq/100102780.html?s=01&amp;t=0
广州-天河区,广州光娱信息科技有限公司,,游戏运维工程师-python,https://jobs.51job.com/guangzhou-thq/83386033.html?s=01&amp;t=0
上海-普陀区,上海亿广信息科技有限公司,,Python高级开发工程师,https://jobs.51job.com/shanghai-ptq/98845538.html?s=01&amp;t=0
大连-高新园区,辽宁自由人国际旅行社有限公司,,Python开发工程师,https://jobs.51job.com/dalian-gxyq/99416034.html?s=01&amp;t=0
上海,上海优刻得信息科技有限公司,,UMCloud-Python后端工程师,https://jobs.51job.com/shanghai/98481724.html?s=01&amp;t=0
上海-浦东新区,上海吾创信息科技有限公司,,Python测试工程师,https://jobs.51job.com/shanghai-pdxq/100009861.html?s=01&amp;t=0
石家庄,河北臻龙科技有限公司,,Python开发工程师,https://jobs.51job.com/shijiazhuang/101043828.html?s=01&amp;t=0
上海-徐汇区,上海大岂网络科技有限公司,,Python工程师,https://jobs.51job.com/shanghai-xhq/100172561.html?s=01&amp;t=0
济南,山东海颐数字技术有限公司,,Python开发工程师,https://jobs.51job.com/jinan/98352998.html?s=01&amp;t=0
上海-闵行区,上海行动教育科技股份有限公司,,高级Python/Odoo开发工程师/经理,https://jobs.51job.com/shanghai-mhq/98318617.html?s=01&amp;t=0
江苏省,希捷国际科技（无锡）有限公司,,软件工程师 （python或C++）,https://jobs.51job.com/jiangsusheng/89782400.html?s=01&amp;t=0
深圳-福田区,广州云移信息科技有限公司,,Python开发工程师,https://jobs.51job.com/shenzhen-ftq/100738315.html?s=01&amp;t=0
上海-浦东新区,上海指玩网络科技有限公司,,Python程序员(游戏开发),https://jobs.51job.com/shanghai-pdxq/80211803.html?s=01&amp;t=0
北京-海淀区,北京小米电子产品有限公司,,Python服务器工程师-小米电视,https://jobs.51job.com/beijing-hdq/86082573.html?s=01&amp;t=0
上海,上海博笃软件有限公司,,高级软件工程师（Python开发）,https://jobs.51job.com/shanghai/98126246.html?s=01&amp;t=0
大连-高新园区,大连中源卓志信息技术有限公司,,Python工程师助理应届可实习周末双休五险一金,https://jobs.51job.com/dalian-gxyq/93212418.html?s=01&amp;t=0
武汉,武汉零号线科技有限公司,,Python开发工程师,https://jobs.51job.com/wuhan/99155855.html?s=01&amp;t=0
广州-天河区,广州竞马信息科技有限公司,,Python开发工程师,https://jobs.51job.com/guangzhou-thq/100586847.html?s=01&amp;t=0
上海-静安区,石投金融,,运维主管/python开发,https://jobs.51job.com/shanghai-jaq/87995535.html?s=01&amp;t=0
苏州-工业园区,苏州斯威高科信息技术有限公司,,Python开发工程师,https://jobs.51job.com/suzhou-gyyq/97728373.html?s=01&amp;t=0
上海-徐汇区,上海思贤信息技术股份有限公司,,python 算法工程师,https://jobs.51job.com/shanghai-xhq/93374338.html?s=01&amp;t=0
济南,郑州三友软件科技有限公司,,Python开发工程师,https://jobs.51job.com/jinan/98620814.html?s=01&amp;t=0
合肥-高新区,安徽海青智能科技有限公司,,Python开发工程师,https://jobs.51job.com/hefei-gxq/98441933.html?s=01&amp;t=0
杭州,杭州联众医疗科技股份有限公司,,Linux python开发运维,https://jobs.51job.com/hangzhou/99731401.html?s=01&amp;t=0
北京-海淀区,国广东方网络（北京）有限公司,,python开发工程师,https://jobs.51job.com/beijing-hdq/84989159.html?s=01&amp;t=0
深圳-罗湖区,深圳好多银科技有限公司,,高级Python开发工程师,https://jobs.51job.com/shenzhen-lhq/99033784.html?s=01&amp;t=0
成都,成都互联汇智科技有限公司,,Python开发工程师,https://jobs.51job.com/chengdu/93053036.html?s=01&amp;t=0
上海-浦东新区,威廉欧奈尔信息科技（上海）有限公司,,Python软件开发工程师,https://jobs.51job.com/shanghai-pdxq/99236639.html?s=01&amp;t=0
上海-黄浦区,丝路资源有限公司,,Python开发工程师,https://jobs.51job.com/shanghai-hpq/90492653.html?s=01&amp;t=0
深圳,深圳市有限元科技有限公司,,Python软件开发工程师,https://jobs.51job.com/shenzhen/91587182.html?s=01&amp;t=0
北京-西城区,明睿（北京）资本管理有限公司,,量化开发工程师（Java/C++/Python方向）,https://jobs.51job.com/beijing-xcq/97190014.html?s=01&amp;t=0
宁波,乐歌人体工学科技股份有限公司,,Python工程师(爬虫),https://jobs.51job.com/ningbo/99940686.html?s=01&amp;t=0
重庆-渝北区,重庆维普资讯有限公司,,中级软件工程师(Python)(职位编号：3),https://jobs.51job.com/chongqing-ybq/98391935.html?s=01&amp;t=0
上海-静安区,上海梦创双杨数据科技股份有限公司,,Python开发工程师,https://jobs.51job.com/shanghai-jaq/99326334.html?s=01&amp;t=0
深圳-龙岗区,深圳睛灵科技有限公司,,Python/Scrapy爬虫开发工程师,https://jobs.51job.com/shenzhen-lgq/98477913.html?s=01&amp;t=0
上海-浦东新区,上海韦晴软件科技有限公司,,Python开发工程师,https://jobs.51job.com/shanghai-pdxq/101117818.html?s=01&amp;t=0
北京-海淀区,北京中能博泰科技有限公司,,算法工程师（Java/Scala/Python/R方向）,https://jobs.51job.com/beijing-hdq/89832478.html?s=01&amp;t=0
南京,南京熙泰信息技术有限公司,,云计算工程师（Python）,https://jobs.51job.com/nanjing/91590881.html?s=01&amp;t=0
上海-长宁区,上海德必文化创意产业发展（集团）股份有限公司,,python工程师(职位编号：DOBE000606),https://jobs.51job.com/shanghai-cnq/100954484.html?s=01&amp;t=0
北京,北京捷通华声科技股份有限公司,,软件测试工程师（C++、java、python）,https://jobs.51job.com/beijing/89252368.html?s=01&amp;t=0
苏州,同程艺龙,,C++/Go/Lua/Python开发工程师,https://jobs.51job.com/suzhou/81779552.html?s=01&amp;t=0
广州-番禺区,广东盟讯科技有限公司,,Python爬虫工程师(双休 7险1金),https://jobs.51job.com/guangzhou-pyq/100104427.html?s=01&amp;t=0
长沙,湖南麒麟信息工程技术有限公司,,Python开发工程师,https://jobs.51job.com/changsha/89277506.html?s=01&amp;t=0
成都-高新区,成都优啦信息技术有限公司,,Python开发工程师,https://jobs.51job.com/chengdu-gxq/97676542.html?s=01&amp;t=0
大连,大连东软睿创科技发展有限公司,,初级Python工程师助理,https://jobs.51job.com/dalian/99151866.html?s=01&amp;t=0
深圳-大鹏新区,深圳市创世纪科技发展有限公司,,Python中级开发工程师,https://jobs.51job.com/shenzhen-dpxq/97911370.html?s=01&amp;t=0
广州-天河区,传智播客教育集团广州分校,,Python助教,https://jobs.51job.com/guangzhou-thq/99158048.html?s=01&amp;t=0
广州-南沙区,广州中国科学院计算机网络信息中心,,Python开发工程师,https://jobs.51job.com/guangzhou-nsq/97253822.html?s=01&amp;t=0
杭州-上城区,浙江杭实善成实业有限公司,,Python开发工程师(量化方向，可接受实习生),https://jobs.51job.com/hangzhou-scq/100424166.html?s=01&amp;t=0
西安,重庆富多弘企业管理咨询有限公司,,Python开发工程师/实习应届,https://jobs.51job.com/xian/100789093.html?s=01&amp;t=0
武汉-汉阳区,武汉邻盛智能设备有限公司,,python开发工程师(职位编号：03),https://jobs.51job.com/wuhan-hyq/89430116.html?s=01&amp;t=0
沈阳,沈阳焱展信息技术有限公司,,系统运维-Python模块,https://jobs.51job.com/shenyang/99596187.html?s=01&amp;t=0
北京,北京芝华安方体育文化有限公司,,Python开发工程师,https://jobs.51job.com/beijing/99060446.html?s=01&amp;t=0
深圳-福田区,银谷普惠信息咨询（北京）有限公司,,Python数据工程师,https://jobs.51job.com/shenzhen-ftq/97964684.html?s=01&amp;t=0
上海-虹口区,中腾信金融信息服务（上海）有限公司,,Python爬虫工程师,https://jobs.51job.com/shanghai-hkq/98175989.html?s=01&amp;t=0
重庆-渝北区,重庆绿创建筑技术咨询有限公司,,Python开发工程师,https://jobs.51job.com/chongqing-ybq/101357854.html?s=01&amp;t=0
西安-高新技术产业开发区,西安远眺网络科技有限公司,,Python开发工程师,https://jobs.51job.com/xian-gxjs/101242389.html?s=01&amp;t=0
西安-雁塔区,西安优逸客网络科技有限公司,,Python开发工程师,https://jobs.51job.com/xian-ytq/98146608.html?s=01&amp;t=0
上海-长宁区,上海傲梦网络科技有限公司,,python课程设计,https://jobs.51job.com/shanghai-cnq/93691189.html?s=01&amp;t=0
中山,中山简单一点网络技术有限公司,,Python应用工程师(职位编号：24),https://jobs.51job.com/zhongshan/99712855.html?s=01&amp;t=0
上海-杨浦区,无锡华云数据技术服务有限公司,,00675-157-Python开发工程师,https://jobs.51job.com/shanghai-ypq/100474475.html?s=01&amp;t=0
西安,西安诺瓦电子科技有限公司,,高级运维开发工程师（Python）,https://jobs.51job.com/xian/95457432.html?s=01&amp;t=0
杭州-滨江区,杭州复杂美科技有限公司,,区块链技术开发工程师（go-c++-Python ）,https://jobs.51job.com/hangzhou-bjq/92430851.html?s=01&amp;t=0
昆明-呈贡区,昆明花易宝科技有限公司,,Python开发工程师,https://jobs.51job.com/kunming-cgq/100899148.html?s=01&amp;t=0
深圳-南山区,深圳迈瑞思信息技术有限公司,,python培训讲师（专***）,https://jobs.51job.com/shenzhen-nsq/80394707.html?s=01&amp;t=0
北京-海淀区,国和瑞斯（北京）科技有限公司,,python工程师,https://jobs.51job.com/beijing-hdq/78640505.html?s=01&amp;t=0
宁波,宁波创母体网络科技有限公司,,"Python, Swift, Java 软件工程师 应届毕业生",https://jobs.51job.com/ningbo/97376981.html?s=01&amp;t=0
广州-海珠区,广州创必承信息科技有限公司,,Python开发工程师,https://jobs.51job.com/guangzhou-hzq/95207566.html?s=01&amp;t=0
深圳-龙岗区,深圳市爱飞亿科技有限公司,,PHP+Python软件工程师,https://jobs.51job.com/shenzhen-lgq/93059557.html?s=01&amp;t=0
广州,广州市擎天柱网络科技有限公司,,Python高级开发工程师,https://jobs.51job.com/guangzhou/101331619.html?s=01&amp;t=0
上海-浦东新区,上海锐承通讯技术有限公司,,Python工程师（web后端）,https://jobs.51job.com/shanghai-pdxq/100014057.html?s=01&amp;t=0
哈尔滨-南岗区,黑龙江中软国际信息技术有限公司,,Python助教,https://jobs.51job.com/hadongbin-ngq/100212057.html?s=01&amp;t=0
北京-朝阳区,北京红果科技有限公司,,Python,https://jobs.51job.com/beijing-cyq/98006599.html?s=01&amp;t=0
杭州-滨江区,杭州才云科技有限公司,,Python开发工程师-杭州-00067,https://jobs.51job.com/hangzhou-bjq/101148998.html?s=01&amp;t=0
上海,博答企业管理咨询（上海）有限公司,,Python开发工程师,https://jobs.51job.com/shanghai/96030249.html?s=01&amp;t=0
武汉-东湖新技术产业开发区,上海测吧信息技术有限公司,,Python高级开发工程师,https://jobs.51job.com/wuhan-dhxjs/99015853.html?s=01&amp;t=0
北京,龙铁纵横（北京）轨道交通科技股份有限公司,,Python工程师（django）,https://jobs.51job.com/beijing/73011358.html?s=01&amp;t=0
上海,上海合阔信息技术有限公司,,Python开发工程师（SaaS）,https://jobs.51job.com/shanghai/94624436.html?s=01&amp;t=0
成都-高新区,北京易讯理想科技有限公司,,Python开发工程师,https://jobs.51job.com/chengdu-gxq/93353993.html?s=01&amp;t=0
深圳-龙岗区,上海阜坤信息科技有限公司,,Python开发工程师,https://jobs.51job.com/shenzhen-lgq/101311370.html?s=01&amp;t=0
深圳-福田区,深圳市匡曲科技有限公司,,python量化交易开发工程师(职位编号：1),https://jobs.51job.com/shenzhen-ftq/101027164.html?s=01&amp;t=0
深圳-宝安区,深圳兆亮照明有限公司,,Python开发工程师,https://jobs.51job.com/shenzhen-baq/99655935.html?s=01&amp;t=0
福州-仓山区,福建有点内容文化传媒有限公司,,Python爬虫分析师,https://jobs.51job.com/fuzhou-csq/98847014.html?s=01&amp;t=0
北京-顺义区,航天星图科技（北京）有限公司,,云平台开发工程师（JAVA、Python）,https://jobs.51job.com/beijing-syq/95876720.html?s=01&amp;t=0
昆山,昆山炫生活信息技术股份有限公司,,高级python开发工程师,https://jobs.51job.com/kunshan/95232319.html?s=01&amp;t=0
北京-朝阳区,北京亿维鸿科技有限公司,,Python数据开发工程师,https://jobs.51job.com/beijing-cyq/91298375.html?s=01&amp;t=0
长沙-岳麓区,长沙孚中数据科技有限公司,,Python开发工程师,https://jobs.51job.com/changsha-ylq/97872609.html?s=01&amp;t=0
武汉,深圳微品致远信息科技有限公司,,Python开发工程师,https://jobs.51job.com/wuhan/97673940.html?s=01&amp;t=0
广州-荔湾区,广州时时美电子商务有限公司,,python 开发工程师,https://jobs.51job.com/guangzhou-lwq/98616632.html?s=01&amp;t=0
上海-浦东新区,北京伯凯科技有限公司,,Python开发工程师(Security ),https://jobs.51job.com/shanghai-pdxq/99343414.html?s=01&amp;t=0
成都-高新区,成都随心玩信息技术有限公司,,急聘python,https://jobs.51job.com/chengdu-gxq/100174566.html?s=01&amp;t=0
杭州-余杭区,杭州默安科技有限公司,,Python开发工程师,https://jobs.51job.com/hangzhou-yhq/99817242.html?s=01&amp;t=0
上海-黄浦区,上海滋己信息科技有限公司,,Python开发工程师,https://jobs.51job.com/shanghai-hpq/100922605.html?s=01&amp;t=0
武汉-江夏区,武汉派生科技有限公司,,Python开发工程师,https://jobs.51job.com/wuhan-jxq/101472611.html?s=01&amp;t=0
杭州-江干区,杭州招质网络科技有限公司,,Python开发实习生,https://jobs.51job.com/hangzhou-jgq/101473192.html?s=01&amp;t=0
成都-武侯区,中软国际科技服务有限公司,,C++/Python,https://jobs.51job.com/chengdu-whq/101480424.html?s=01&amp;t=0
武汉-洪山区,武汉弘博职业培训学校,,Python讲师,https://jobs.51job.com/wuhan-hsq/101511219.html?s=01&amp;t=0
长沙-岳麓区,成都延信科技有限公司,,Python开发工程师,https://jobs.51job.com/changsha-ylq/101521602.html?s=01&amp;t=0
上海-长宁区,途家网网络技术（北京）有限公司,,python工程师(J10364),https://jobs.51job.com/shanghai-cnq/101525807.html?s=01&amp;t=0
海口,海南讯海科技有限公司,,python开发工程师,https://jobs.51job.com/haikou/84154949.html?s=01&amp;t=0
北京,绫致时装（天津）有限公司,,Python开发工程师（odoo OpenERP开发）,https://jobs.51job.com/beijing/99324033.html?s=01&amp;t=0
长沙,湖南弯弓信息科技有限公司,,python工程师,https://jobs.51job.com/changsha/96651977.html?s=01&amp;t=0
杭州,吉利集团（总部）,,Python开发工程师,https://jobs.51job.com/hangzhou/94277179.html?s=01&amp;t=0
深圳-福田区,平安科技（深圳）有限公司,,Python开发工程师（深圳）,https://jobs.51job.com/shenzhen-ftq/92031837.html?s=01&amp;t=0
北京-海淀区,北京视野金融信息服务有限公司,,Python后台工程师,https://jobs.51job.com/beijing-hdq/101510580.html?s=01&amp;t=0
大连-高新园区,亿达信息技术有限公司,,Python开发工程师,https://jobs.51job.com/dalian-gxyq/101507367.html?s=01&amp;t=0
杭州,网易集团,,运维开发工程师（Python）(职位编号：J150935),https://jobs.51job.com/hangzhou/73474268.html?s=01&amp;t=0
苏州,苏州光格设备有限公司,,Python开发工程师,https://jobs.51job.com/suzhou/95489227.html?s=01&amp;t=0
北京-朝阳区,完美世界（北京）总部/完美时空,,python工程师,https://jobs.51job.com/beijing-cyq/90263191.html?s=01&amp;t=0
北京-朝阳区,北京神州泰岳软件股份有限公司,,Python开发工程师(爬虫）-鼎富科技-战略产品创新,https://jobs.51job.com/beijing-cyq/100777225.html?s=01&amp;t=0
珠海,哈工大机器人集团有限公司,,Python开发工程师,https://jobs.51job.com/zhuhai/92119659.html?s=01&amp;t=0
嘉兴,浙江清华柔性电子技术研究院,,Python开发工程师,https://jobs.51job.com/jiaxing/98890001.html?s=01&amp;t=0
北京-朝阳区,某外资上市人力资源公司,,直聘软件开发Golang /Python,https://jobs.51job.com/beijing-cyq/101494397.html?s=01&amp;t=0
珠海-斗门区,珠海市精实测控技术有限公司,,Python助理工程师,https://jobs.51job.com/zhuhai-dmq/98010732.html?s=01&amp;t=0
青岛-市南区,青岛青软科技有限公司,,Python/Ruby软件开发工程师,https://jobs.51job.com/qingdao-snq/90949061.html?s=01&amp;t=0
西安-曲江文化新区,西安唐远信息科技有限公司,,Python开发工程师,https://jobs.51job.com/xian-qjwh/97675605.html?s=01&amp;t=0
厦门,厦门蓝斯通信股份有限公司,,python工程师（自动化测试方向）,https://jobs.51job.com/xiamen/97133156.html?s=01&amp;t=0
深圳-福田区,深圳市中投兴业有限公司,,Python爬虫工程师,https://jobs.51job.com/shenzhen-ftq/99738383.html?s=01&amp;t=0
广州-天河区,广州一一网络技术有限公司,,Python 后端开发工程师,https://jobs.51job.com/guangzhou-thq/99675528.html?s=01&amp;t=0
上海-徐汇区,上海彩虹鱼海洋科技股份有限公司,,Python高级开发工程师,https://jobs.51job.com/shanghai-xhq/100949391.html?s=01&amp;t=0
南昌-红谷滩新区,江西省博汇九洲金融服务有限公司,,Python开发工程师(职位编号：2),https://jobs.51job.com/nanchang-hgt/95359491.html?s=01&amp;t=0
上海-浦东新区,深圳市紫川软件有限公司,,Python开发工程师,https://jobs.51job.com/shanghai-pdxq/98528369.html?s=01&amp;t=0
北京,上海锐陟企业管理咨询有限公司,,资深Python开发专家,https://jobs.51job.com/beijing/99860008.html?s=01&amp;t=0
太原,飞思达技术（北京）有限公司,,javascript/python软件工程师,https://jobs.51job.com/taiyuan/98242852.html?s=01&amp;t=0
青岛,青岛迈科思软件有限责任公司,,Python/Ruby软件开发工程师,https://jobs.51job.com/qingdao/98086692.html?s=01&amp;t=0
广州-天河区,广州御银信息科技有限公司,,Python高级研发工程师（孵化器公司）,https://jobs.51job.com/guangzhou-thq/95047867.html?s=01&amp;t=0
广州,广州市云润大数据服务有限公司,,Python软件工程师(实习),https://jobs.51job.com/guangzhou/81778820.html?s=01&amp;t=0
深圳-福田区,深圳市越健明科技有限公司,,Python程序员（ERP方向）,https://jobs.51job.com/shenzhen-ftq/98812719.html?s=01&amp;t=0
大连-高新园区,大连东软睿创科技发展有限公司,,Python工程师助理(优秀应届毕业生),https://jobs.51job.com/dalian-gxyq/101255299.html?s=01&amp;t=0
南京-秦淮区,京信通信系统（中国）有限公司,,Python开发工程师,https://jobs.51job.com/nanjing-qhq/93425499.html?s=01&amp;t=0
广州-天河区,广州大象健康科技有限公司,,Python工程师,https://jobs.51job.com/guangzhou-thq/98839784.html?s=01&amp;t=0
上海-浦东新区,上海爱当家数据技术有限公司,,Python高级开发工程师,https://jobs.51job.com/shanghai-pdxq/94522412.html?s=01&amp;t=0
沈阳,沈阳东软睿道教育服务有限公司,,大数据/Python开发工程师（可实习）,https://jobs.51job.com/shenyang/92459779.html?s=01&amp;t=0
广州-越秀区,宇态控股广东有限公司,,Python开发工程师,https://jobs.51job.com/guangzhou-yxq/93601441.html?s=01&amp;t=0
北京-海淀区,北京紫荆视通科技有限公司,,高级python后台服务研发工程师,https://jobs.51job.com/beijing-hdq/101260694.html?s=01&amp;t=0
西安,西安智推网络科技有限公司,,python后台开发工程师,https://jobs.51job.com/xian/95502656.html?s=01&amp;t=0
深圳-宝安区,深圳市创业二路科技有限公司,,python讲师,https://jobs.51job.com/shenzhen-baq/99257975.html?s=01&amp;t=0
深圳,深圳市倍通供应链服务有限公司,,软件开发工程师（C#/python）,https://jobs.51job.com/shenzhen/96660476.html?s=01&amp;t=0
大连,大连中控智慧信息技术有限公司,,python工程师,https://jobs.51job.com/dalian/98727780.html?s=01&amp;t=0
珠海,珠海市利保机器人有限公司,,Python 开发工程师,https://jobs.51job.com/zhuhai/78851474.html?s=01&amp;t=0
苏州-相城区,布瑞克（苏州）农业信息科技有限公司,,Python爬虫工程师,https://jobs.51job.com/suzhou-xcq/89213350.html?s=01&amp;t=0
沈阳,沈阳吉塔思软件有限公司,,Python开发工程师,https://jobs.51job.com/shenyang/101289365.html?s=01&amp;t=0
上海,英伟达半导体（上海）有限公司(NVIDIA),,性能测试 Python+游戏,https://jobs.51job.com/shanghai/100992145.html?s=01&amp;t=0
北京-东城区,北京东方金信科技有限公司,,Python开发工程师（产品研发）,https://jobs.51job.com/beijing-dcq/78612270.html?s=01&amp;t=0
苏州-吴江区,苏州英普思软件有限公司,,python 算法工程师（8k-10k）,https://jobs.51job.com/suzhou-wjq/100744674.html?s=01&amp;t=0
上海-浦东新区,上海斐德通信科技有限公司,,python工程师,https://jobs.51job.com/shanghai-pdxq/81397144.html?s=01&amp;t=0
北京-朝阳区,奔讯电子科技（北京）有限公司,,Python开发工程师,https://jobs.51job.com/beijing-cyq/101196626.html?s=01&amp;t=0
上海-杨浦区,悦岚（上海）数据服务有限公司,,Python软件工程师（大数据产品开发）(职位编号：python1),https://jobs.51job.com/shanghai-ypq/88895665.html?s=01&amp;t=0
杭州-余杭区,杭州顶真医药科技有限公司,,python/爬虫工程师,https://jobs.51job.com/hangzhou-yhq/100554948.html?s=01&amp;t=0
苏州-工业园区,苏州梦嘉传媒有限公司,,Python开发工程师,https://jobs.51job.com/suzhou-gyyq/99702396.html?s=01&amp;t=0
成都-高新区,绎达咨询（成都）股份有限公司,,python开发,https://jobs.51job.com/chengdu-gxq/100136248.html?s=01&amp;t=0
杭州-滨江区,杭州筑龙信息技术股份有限公司,,Python开发工程师,https://jobs.51job.com/hangzhou-bjq/76899475.html?s=01&amp;t=0
上海-徐汇区,上海华安达信息技术发展有限公司,,Python高级开发工程师,https://jobs.51job.com/shanghai-xhq/100384097.html?s=01&amp;t=0
昆明-盘龙区,云南汇纽网络科技有限公司,,python工程师,https://jobs.51job.com/kunming-plq/94819992.html?s=01&amp;t=0
南通,VeryCloud,,Python高级研发工程师,https://jobs.51job.com/nantong/100345925.html?s=01&amp;t=0
成都,成都捷云智慧科技有限公司,,Python开发工程师,https://jobs.51job.com/chengdu/95945058.html?s=01&amp;t=0
上海,上海爱数信息技术股份有限公司,,后端开发工程师（C++/Python/Go）,https://jobs.51job.com/shanghai/97483264.html?s=01&amp;t=0
上海,上海典游通讯技术有限公司,,Python资深开发工程师,https://jobs.51job.com/shanghai/94990618.html?s=01&amp;t=0
武汉-江夏区,深圳市蓝泰源信息技术股份有限公司,,Python开发工程师,https://jobs.51job.com/wuhan-jxq/87834739.html?s=01&amp;t=0
上海-浦东新区,上海阿特门计算机技术有限公司,,Python高级开发工程师,https://jobs.51job.com/shanghai-pdxq/100995709.html?s=01&amp;t=0
厦门,厦门吉信德电子商务有限公司,,Python爬虫工程师,https://jobs.51job.com/xiamen/95082418.html?s=01&amp;t=0
上海-杨浦区,无锡乐骐科技有限公司,,Python开发工程师,https://jobs.51job.com/shanghai-ypq/101095721.html?s=01&amp;t=0
北京-朝阳区,北京智辉空间科技有限责任公司,,Python开发工程师,https://jobs.51job.com/beijing-cyq/100227184.html?s=01&amp;t=0
广州-白云区,广州龙骐贸易有限公司,,Python爬虫工程师,https://jobs.51job.com/guangzhou-byq/95178198.html?s=01&amp;t=0
杭州,杭州扬冠网络科技有限公司,,后端Python,https://jobs.51job.com/hangzhou/101280127.html?s=01&amp;t=0
广州-天河区,广州传晟信息科技有限公司,,AI后台服务开发(Python),https://jobs.51job.com/guangzhou-thq/100942315.html?s=01&amp;t=0
深圳,深圳市易贝通科技有限公司,,Python开发实习生,https://jobs.51job.com/shenzhen/96624030.html?s=01&amp;t=0
上海-浦东新区,上海伯豪生物技术有限公司,,生物信息工程师（python）,https://jobs.51job.com/shanghai-pdxq/91651391.html?s=01&amp;t=0
北京-朝阳区,360金融,,Python开发工程师,https://jobs.51job.com/beijing-cyq/97176171.html?s=01&amp;t=0
上海,迈智微电子（上海）有限公司（美资软件公司）,,Python高级开发工程师,https://jobs.51job.com/shanghai/86331197.html?s=01&amp;t=0
深圳-龙华新区,安吉康尔（深圳）科技有限公司,,Python后端工程师,https://jobs.51job.com/shenzhen-lhxq/93162355.html?s=01&amp;t=0
成都-高新区,湖南潭州教育网络科技有限公司成都分公司,,Python讲师,https://jobs.51job.com/chengdu-gxq/101052019.html?s=01&amp;t=0
上海,某本地知名IT企业,,Python开发工程师,https://jobs.51job.com/shanghai/100805969.html?s=01&amp;t=0
杭州-西湖区,杭州麦苗网络技术有限公司,,Python开发,https://jobs.51job.com/hangzhou-xhq/83166015.html?s=01&amp;t=0
北京-昌平区,北京海存志合科技股份有限公司,,python工程师,https://jobs.51job.com/beijing-cpq/101485076.html?s=01&amp;t=0
南京-浦口区,南京云信达科技有限公司,,Python高级开发工程师,https://jobs.51job.com/nanjing-pkq/100901761.html?s=01&amp;t=0
深圳,深圳市火乐科技发展有限公司,,Python开发工程师,https://jobs.51job.com/shenzhen/99989533.html?s=01&amp;t=0
上海-浦东新区,上海傲硕信息科技有限公司,,高级Python开发工程师,https://jobs.51job.com/shanghai-pdxq/76924259.html?s=01&amp;t=0
深圳-福田区,金乔投资顾问（深圳）有限公司,,Python web programmer,https://jobs.51job.com/shenzhen-ftq/99974278.html?s=01&amp;t=0
广州-天河区,广州另类网络科技有限公司,,Python开发工程师,https://jobs.51job.com/guangzhou-thq/91323919.html?s=01&amp;t=0
广州-天河区,广州百伦供应链科技有限公司,,Python 高级开发工程师,https://jobs.51job.com/guangzhou-thq/99751151.html?s=01&amp;t=0
昆山,昆山百诺信息科技有限公司,,Python工程师,https://jobs.51job.com/kunshan/82405824.html?s=01&amp;t=0
北京-海淀区,超盟同创（北京）商业运营管理有限公司,,初级python开发工程师,https://jobs.51job.com/beijing-hdq/101595220.html?s=01&amp;t=0
北京-朝阳区,北京荣之联科技股份有限公司,,高级爬虫工程师（Python）,https://jobs.51job.com/beijing-cyq/101597066.html?s=01&amp;t=0
北京-朝阳区,乐荐信息科技（北京）有限公司,,Python后台工程师,https://jobs.51job.com/beijing-cyq/101602338.html?s=01&amp;t=0
北京-朝阳区,上海优与汽车科技有限公司,,北京爬虫工程师（python）,https://jobs.51job.com/beijing-cyq/101613044.html?s=01&amp;t=0
广州-天河区,广州米多网络科技有限公司,,Python开发工程师（年终奖+六险一金）,https://jobs.51job.com/guangzhou-thq/100757875.html?s=01&amp;t=0
长沙-芙蓉区,长沙闪铃网络科技有限公司,,Python应用系统开发,https://jobs.51job.com/changsha-frq/101624008.html?s=01&amp;t=0
上海-徐汇区,上海携宁计算机科技股份有限公司,,Python开发工程师,https://jobs.51job.com/shanghai-xhq/98333153.html?s=01&amp;t=0
上海,两鲜商贸（上海）有限公司,,python/odoo高级开发工程师,https://jobs.51job.com/shanghai/95317523.html?s=01&amp;t=0
苏州,上海众言网络科技有限公司,,Python高级开发师,https://jobs.51job.com/suzhou/101601673.html?s=01&amp;t=0
济南-高新区,山东远思信息科技有限公司,,Python开发工程师,https://jobs.51job.com/jinan-gxq/83608224.html?s=01&amp;t=0
深圳-南山区,深圳市云印电子商务有限公司,,Python工程师,https://jobs.51job.com/shenzhen-nsq/101619822.html?s=01&amp;t=0
上海-闵行区,上海驿氪信息科技有限公司,,Python测试开发工程师,https://jobs.51job.com/shanghai-mhq/100038818.html?s=01&amp;t=0
上海-长宁区,上海凭安征信服务有限公司,,Python架构师,https://jobs.51job.com/shanghai-cnq/91329477.html?s=01&amp;t=0
广州-番禺区,广东紫晶信息存储技术股份有限公司,,云平台 python 高级开发工程师,https://jobs.51job.com/guangzhou-pyq/99224885.html?s=01&amp;t=0
北京-朝阳区,北京红枣科技有限公司,,python初级开发工程师,https://jobs.51job.com/beijing-cyq/96575046.html?s=01&amp;t=0
上海,北京中亦安图科技股份有限公司,,自动化实施（shell/python）,https://jobs.51job.com/shanghai/101374735.html?s=01&amp;t=0
广州,佛山市平河科技有限公司,,Python开发工程师,https://jobs.51job.com/guangzhou/101616134.html?s=01&amp;t=0
上海-浦东新区,上海华竖企业管理有限公司,,Python开发工程师,https://jobs.51job.com/shanghai-pdxq/101622120.html?s=01&amp;t=0
珠海,珠海市鸿瑞信息技术股份有限公司,,软件开发工程师（python）,https://jobs.51job.com/zhuhai/101618966.html?s=01&amp;t=0
上海-静安区,上海勃池信息技术有限公司,,爬虫工程师(Java/Python)(职位编号：00004),https://jobs.51job.com/shanghai-jaq/94096539.html?s=01&amp;t=0
合肥-经开区,尚简科技（安徽）有限公司,,Python开发工程师,https://jobs.51job.com/hefei-jkq/101620292.html?s=01&amp;t=0
深圳-南山区,深圳前海壹互联科技投资有限公司,,"大数据开发工程师（spark,python）",https://jobs.51job.com/shenzhen-nsq/101456534.html?s=01&amp;t=0
上海-徐汇区,上海靖奇投资管理有限公司,,高级Python软件工程师/Python构架师(职位编号：PT01),https://jobs.51job.com/shanghai-xhq/99783883.html?s=01&amp;t=0
上海-徐汇区,上海利莫网络科技有限公司,,Python开发工程师,https://jobs.51job.com/shanghai-xhq/100104655.html?s=01&amp;t=0
深圳-福田区,深圳市贝多分金融科技有限公司,,python开发工程师,https://jobs.51job.com/shenzhen-ftq/100537165.html?s=01&amp;t=0
上海-浦东新区,上海钱坤在线信息咨询有限公司,,python数据工程师,https://jobs.51job.com/shanghai-pdxq/101381746.html?s=01&amp;t=0
上海-徐汇区,深圳市杰恩创意设计股份有限公司,,Python 工程师,https://jobs.51job.com/shanghai-xhq/101404977.html?s=01&amp;t=0
深圳-龙岗区,深圳洛克特视效科技有限公司,,Python开发实习生,https://jobs.51job.com/shenzhen-lgq/101412147.html?s=01&amp;t=0
绵阳,成都深思天地计算机技术有限公司,,python工程师,https://jobs.51job.com/mianyang/99067493.html?s=01&amp;t=0
长沙-岳麓区,长沙聚簇云网络科技有限公司,,Python开发工程师,https://jobs.51job.com/changsha-ylq/97450574.html?s=01&amp;t=0
西安,陕西巨子生物技术有限公司,,Python/Golang高级开发工程师,https://jobs.51job.com/xian/98407906.html?s=01&amp;t=0
成都-高新区,重庆达内特睿纳软件有限公司,,Python带班老师,https://jobs.51job.com/chengdu-gxq/98853034.html?s=01&amp;t=0
东莞-东城区,深圳先知大数据有限公司,,Python后端开发工程师,https://jobs.51job.com/dongguan-dcq/101007675.html?s=01&amp;t=0
成都,杭州安恒信息技术有限公司,,python工程师（成都）,https://jobs.51job.com/chengdu/88035454.html?s=01&amp;t=0
杭州-西湖区,杭州斯荙克信息技术有限公司,,python开发工程师（双休+五险）,https://jobs.51job.com/hangzhou-xhq/101614912.html?s=01&amp;t=0
南通,南通成天软件科技有限公司,,python爬虫开发工程师,https://jobs.51job.com/nantong/96239340.html?s=01&amp;t=0
杭州,观澜网络(杭州)有限公司--丁香园,,Python工程师,https://jobs.51job.com/hangzhou/97785926.html?s=01&amp;t=0
长沙-岳麓区,长沙湘麓驾驶员培训有限公司,,Python后端开发工程师,https://jobs.51job.com/changsha-ylq/97556001.html?s=01&amp;t=0
上海-杨浦区,上海犀语科技有限公司,,Python开发工程师（数据处理）,https://jobs.51job.com/shanghai-ypq/98250629.html?s=01&amp;t=0
重庆-渝中区,深圳市科力锐科技有限公司,,Python开发工程师,https://jobs.51job.com/chongqing-yzq/98742848.html?s=01&amp;t=0
上海-浦东新区,君学中国,,Python高级开发工程师,https://jobs.51job.com/shanghai-pdxq/99716784.html?s=01&amp;t=0
广州-番禺区,广州奕策贸易有限公司,,IT系统工程师（熟悉Python）,https://jobs.51job.com/guangzhou-pyq/99921222.html?s=01&amp;t=0
西安,西安华众电子科技股份有限公司,,Python开发工程师,https://jobs.51job.com/xian/97954171.html?s=01&amp;t=0
南京-秦淮区,思力科（深圳）电子科技有限公司,,C++/Python/QT软件工程师,https://jobs.51job.com/nanjing-qhq/97503637.html?s=01&amp;t=0
上海-闵行区,上海助通信息科技有限公司,,高级Python爬虫工程师,https://jobs.51job.com/shanghai-mhq/101101787.html?s=01&amp;t=0
苏州-工业园区,苏州工业园区测绘地理信息有限公司,,Python开发工程师,https://jobs.51job.com/suzhou-gyyq/98874866.html?s=01&amp;t=0
成都,成都云禾网信科技有限公司,,python工程师,https://jobs.51job.com/chengdu/100380671.html?s=01&amp;t=0
深圳,深圳市百诺信科技有限公司,,Python高级开发工程师,https://jobs.51job.com/shenzhen/85675540.html?s=01&amp;t=0
成都-高新区,成都云幽科技有限公司,,Python培训讲师(职位编号：004),https://jobs.51job.com/chengdu-gxq/98169882.html?s=01&amp;t=0
北京-昌平区,北京紫光得瑞科技有限公司,,Python开发工程师,https://jobs.51job.com/beijing-cpq/98890211.html?s=01&amp;t=0
武汉,深圳市编玩边学教育科技有限公司,,Python编程老师（武汉）,https://jobs.51job.com/wuhan/96299279.html?s=01&amp;t=0
深圳,中控智慧科技股份有限公司,,RD-java/Python发工程师,https://jobs.51job.com/shenzhen/91481865.html?s=01&amp;t=0
杭州-西湖区,杭州盈丰软件股份有限公司,,Python开发,https://jobs.51job.com/hangzhou-xhq/66186330.html?s=01&amp;t=0
成都-高新区,达内时代教育集团成都分公司,,Python助教,https://jobs.51job.com/chengdu-gxq/99388345.html?s=01&amp;t=0
武汉-江夏区,达内时代教育集团,,python实训讲师/项目经理（上市公司）,https://jobs.51job.com/wuhan-jxq/101255814.html?s=01&amp;t=0
深圳-南山区,深圳市前海谷雨网络科技有限公司,,Python开发工程师,https://jobs.51job.com/shenzhen-nsq/93926792.html?s=01&amp;t=0
上海-浦东新区,平纳科（上海）信息咨询有限公司,,Senior Python Developer,https://jobs.51job.com/shanghai-pdxq/101208403.html?s=01&amp;t=0
武汉-江汉区,武汉百鲤网络技术有限公司,,Python开发工程师,https://jobs.51job.com/wuhan-jhq/101470496.html?s=01&amp;t=0
长沙,中联重科股份有限公司,,大数据开发工程师（python开发方向）,https://jobs.51job.com/changsha/101225810.html?s=01&amp;t=0
长沙,北京学会学习教育科技有限公司,,Python高级开发工程师,https://jobs.51job.com/changsha/97458997.html?s=01&amp;t=0
郑州-金水区,郑州创恒实业有限公司,,python开发工程师,https://jobs.51job.com/jinshuiqu/68070010.html?s=01&amp;t=0
武汉,武汉朱雀闻天科技有限公司,,Python开发工程师,https://jobs.51job.com/wuhan/98665033.html?s=01&amp;t=0
上海,宏居网络技术（上海）有限公司,,Python开发后端软件工程师,https://jobs.51job.com/shanghai/97496306.html?s=01&amp;t=0
南昌,上海谷途旅游有限公司江西分公司,,Python开发工程师,https://jobs.51job.com/nanchang/101345440.html?s=01&amp;t=0
杭州-江干区,杭州宇曦网络科技有限公司,,Python开发/直招,https://jobs.51job.com/hangzhou-jgq/101490809.html?s=01&amp;t=0
济南,北京华清远见科技发展有限公司济南分公司,,急聘Python讲师,https://jobs.51job.com/jinan/97769229.html?s=01&amp;t=0
西安,杭州世平信息科技有限公司,,Python开发工程师,https://jobs.51job.com/xian/101379561.html?s=01&amp;t=0
重庆-渝北区,重庆讯云网络科技有限公司,,python工程师,https://jobs.51job.com/chongqing-ybq/94896395.html?s=01&amp;t=0
杭州-江干区,杭州进兴网络科技有限公司,,python人工智能带薪实习,https://jobs.51job.com/hangzhou-jgq/101489704.html?s=01&amp;t=0
上海-静安区,上海职晓人才咨询服务有限公司,,Python高级开发工程师,https://jobs.51job.com/shanghai-jaq/100844871.html?s=01&amp;t=0
广州-越秀区,广州臣信网络科技有限公司,,python开发工程师,https://jobs.51job.com/guangzhou-yxq/93680069.html?s=01&amp;t=0
北京-海淀区,珠海世纪鼎利科技股份有限公司,,北京-Python人工智能高级讲师,https://jobs.51job.com/beijing-hdq/99678403.html?s=01&amp;t=0
深圳-南山区,深圳市源极光科技有限公司,,Python开发工程师,https://jobs.51job.com/shenzhen-nsq/97544634.html?s=01&amp;t=0
杭州-滨江区,杭州博彦信息技术有限公司,,1023Python web开发,https://jobs.51job.com/hangzhou-bjq/94860765.html?s=01&amp;t=0
南京-雨花台区,江苏万和系统工程有限公司,,Python 讲师,https://jobs.51job.com/nanjing-yhtq/96252920.html?s=01&amp;t=0
昆山,昆山其然软件科技有限公司,,python工程师全职讲师,https://jobs.51job.com/kunshan/99279339.html?s=01&amp;t=0
长沙,湖南天云软件技术有限公司,,Java/Python开发工程师,https://jobs.51job.com/changsha/82701631.html?s=01&amp;t=0
北京,普天信息技术有限公司,,Python开发工程师,https://jobs.51job.com/beijing/101370842.html?s=01&amp;t=0
深圳,深圳库尚信息技术有限公司,,Python开发工程师（后端开发）,https://jobs.51job.com/shenzhen/100472301.html?s=01&amp;t=0
沈阳-浑南区,东软睿道教育,,Python开发工程师,https://jobs.51job.com/shenyang-hnq/96810079.html?s=01&amp;t=0
厦门,笨鸟社交,,Python开发工程师,https://jobs.51job.com/xiamen/96441080.html?s=01&amp;t=0
深圳-南山区,深圳市芒柠科技有限公司,,Python开发工程师,https://jobs.51job.com/shenzhen-nsq/97643355.html?s=01&amp;t=0
武汉,武汉华大国家数字化学习工程技术有限公司,,Python软件工程师,https://jobs.51job.com/wuhan/70849566.html?s=01&amp;t=0
广州-天河区,天意有福科技股份有限公司,,PHP/Python ERP软件开发工程师,https://jobs.51job.com/guangzhou-thq/88656867.html?s=01&amp;t=0
深圳-南山区,深圳市泽林软件技术有限公司,,python数据分析讲师,https://jobs.51job.com/shenzhen-nsq/99693810.html?s=01&amp;t=0
成都,成都趣乐多科技有限公司,,运维&python开发工程师（高级）,https://jobs.51job.com/chengdu/75570653.html?s=01&amp;t=0
南京-玄武区,南京睿毅云信息技术有限公司,,Python开发工程师,https://jobs.51job.com/nanjing-xwq/96969345.html?s=01&amp;t=0
上海,上海腾科网络技术有限公司,,Python 讲师,https://jobs.51job.com/shanghai/100736948.html?s=01&amp;t=0
成都-高新区,北京陌陌信息技术有限公司成都分公司,,Python研发工程师,https://jobs.51job.com/chengdu-gxq/82527610.html?s=01&amp;t=0
成都,广州鼎甲计算机科技有限公司,,Python开发工程师,https://jobs.51job.com/chengdu/99622941.html?s=01&amp;t=0
深圳,深圳市暴击互动娱乐有限公司,,Python开发工程师,https://jobs.51job.com/shenzhen/96411014.html?s=01&amp;t=0
深圳-南山区,酷宝信息技术（上海）有限公司,,Python开发工程师,https://jobs.51job.com/shenzhen-nsq/101391012.html?s=01&amp;t=0
成都-武侯区,中环康源,,Python开发工程师,https://jobs.51job.com/chengdu-whq/101280143.html?s=01&amp;t=0
南京-江宁区,南京赛宁信息技术有限公司,,python开发工程师,https://jobs.51job.com/nanjing-jnq/99981899.html?s=01&amp;t=0
深圳-南山区,深圳市华付信息技术有限公司,,python工程师,https://jobs.51job.com/shenzhen-nsq/100458717.html?s=01&amp;t=0
深圳-南山区,深圳奥比中光科技有限公司,,Python开发工程师,https://jobs.51job.com/shenzhen-nsq/101057296.html?s=01&amp;t=0
长沙,长沙市袋娱网络科技有限公司,,Python开发工程师,https://jobs.51job.com/changsha/101154959.html?s=01&amp;t=0
南京-雨花台区,南京网觉软件有限公司,,Python开发实习生,https://jobs.51job.com/nanjing-yhtq/101313364.html?s=01&amp;t=0
上海-浦东新区,万得信息技术股份有限公司（Wind资讯）,,服务端研发工程师-Python（万得子公司）,https://jobs.51job.com/shanghai-pdxq/84229025.html?s=01&amp;t=0
广州-天河区,北京华云慧通科技有限公司,,python爬虫开发工程师,https://jobs.51job.com/guangzhou-thq/99328121.html?s=01&amp;t=0
北京-海淀区,北京普瑞亿科科技有限公司,,技术支持工程师（Python软件运维）,https://jobs.51job.com/beijing-hdq/87080581.html?s=01&amp;t=0
深圳-龙岗区,达内时代科技集团有限公司,,[美国上市]Python技术支持老师,https://jobs.51job.com/shenzhen-lgq/100491672.html?s=01&amp;t=0
北京-朝阳区,北京麦达数字技术服务有限公司,,Python开发工程师,https://jobs.51job.com/beijing-cyq/97298876.html?s=01&amp;t=0
深圳-龙华新区,深圳市南伽科技信息有限公司,,Python高级开发工程师,https://jobs.51job.com/shenzhen-lhxq/98300570.html?s=01&amp;t=0
上海-奉贤区,上海奉贤区八维宏烨培训学校,,python讲师,https://jobs.51job.com/shanghai-fxq/99067117.html?s=01&amp;t=0
成都-武侯区,成都之维安科技股份有限公司,,Python开发工程师,https://jobs.51job.com/chengdu-whq/100681749.html?s=01&amp;t=0
上海-浦东新区,上海拍拍贷金融信息服务有限公司,,大数据研发工程师-python,https://jobs.51job.com/shanghai-pdxq/98733629.html?s=01&amp;t=0
成都-高新区,成都智汇安新科技有限公司,,Python后台工程师,https://jobs.51job.com/chengdu-gxq/98792554.html?s=01&amp;t=0
北京-海淀区,gameloft智乐软件（北京）有限公司,,python开发工程师,https://jobs.51job.com/beijing-hdq/55928801.html?s=01&amp;t=0
深圳,上海炽聚网络科技有限公司,,Python开发工程师,https://jobs.51job.com/shenzhen/98235112.html?s=01&amp;t=0
上海-静安区,上海屹脉信息科技有限公司,,Python开发工程师,https://jobs.51job.com/shanghai-jaq/92115985.html?s=01&amp;t=0
成都,成都南天佳信信息工程有限公司,,软件工程师Python方向,https://jobs.51job.com/chengdu/67158920.html?s=01&amp;t=0
上海-浦东新区,上海你我贷互联网金融信息服务有限公司,,Python开发工程师,https://jobs.51job.com/shanghai-pdxq/87326528.html?s=01&amp;t=0
成都,一想网络科技（成都）股份有限公司,,python数据挖掘工程师,https://jobs.51job.com/chengdu/99367330.html?s=01&amp;t=0
北京-海淀区,北京算云联科科技有限公司,,Python开发工程师,https://jobs.51job.com/beijing-hdq/101323818.html?s=01&amp;t=0
武汉,武汉网上网科技有限公司,,Odoo & Python 工程师,https://jobs.51job.com/wuhan/98874039.html?s=01&amp;t=0
深圳,深圳市金证科技股份有限公司,,金微蓝--主管Python开发工程师,https://jobs.51job.com/shenzhen/99250803.html?s=01&amp;t=0
北京-海淀区,北京思特奇信息技术股份有限公司,,云方向业务部门_Python开发工程师,https://jobs.51job.com/beijing-hdq/84089273.html?s=01&amp;t=0
上海-浦东新区,上海互教教育科技有限公司,,Python高级开发工程师,https://jobs.51job.com/shanghai-pdxq/91667419.html?s=01&amp;t=0
深圳-光明新区,晶测光电（深圳）有限的公司,,Python开发工程师,https://jobs.51job.com/shenzhen-gmxq/94998694.html?s=01&amp;t=0
北京-朝阳区,Forgame——云游控股集团,,python后台研发工程师(职位编号：forgame000544),https://jobs.51job.com/beijing-cyq/98257560.html?s=01&amp;t=0
北京-东城区,沈阳民航东北凯亚有限公司大连分公司,,Python软件工程师,https://jobs.51job.com/beijing-dcq/73551550.html?s=01&amp;t=0
福州,福州网乐网络科技有限公司,,Python开发工程师,https://jobs.51job.com/fuzhou/98473621.html?s=01&amp;t=0
深圳,深圳众禄基金销售股份有限公司,,Python开发工程师,https://jobs.51job.com/shenzhen/95768058.html?s=01&amp;t=0
武汉,湖北晶源新建筑工程有限公司,,Python人工智能开发实习生,https://jobs.51job.com/wuhan/101406074.html?s=01&amp;t=0
上海-普陀区,上海庆科信息技术有限公司,,python开发工程师,https://jobs.51job.com/shanghai-ptq/73713389.html?s=01&amp;t=0
深圳-罗湖区,深圳市掌世界网络科技有限公司,,Python开发工程师,https://jobs.51job.com/shenzhen-lhq/66819702.html?s=01&amp;t=0
重庆-渝中区,广州牵引力教育科技有限公司,,Python老师,https://jobs.51job.com/chongqing-yzq/98683231.html?s=01&amp;t=0
西安,绿盟科技,,python研发工程师(职位编号：zy),https://jobs.51job.com/xian/98121172.html?s=01&amp;t=0
南昌,深圳市嘉鸿网络科技有限公司,,Python后端开发,https://jobs.51job.com/nanchang/94915376.html?s=01&amp;t=0
上海-静安区,上海层峰网络科技有限公司,,Python开发工程师,https://jobs.51job.com/shanghai-jaq/93209141.html?s=01&amp;t=0
上海-嘉定区,上海睿畜电子科技有限公司,,Python 后端工程师,https://jobs.51job.com/shanghai-jdq/100717921.html?s=01&amp;t=0
合肥-经开区,达内软件技术（杭州）有限公司,,Python项目经理（Python软件开发工程师）,https://jobs.51job.com/hefei-jkq/101272880.html?s=01&amp;t=0
长沙,湖南大唐先一科技有限公司,,python程序员（监控软件部）,https://jobs.51job.com/changsha/98721838.html?s=01&amp;t=0
陕西省,重庆卓睿信息技术有限公司,,Python开发助理/实习生  双休,https://jobs.51job.com/shaanxisheng/99312468.html?s=01&amp;t=0
长沙-岳麓区,北京乡墅科技有限公司,,Python开发工程师,https://jobs.51job.com/changsha-ylq/93160509.html?s=01&amp;t=0
浙江省,北京中宇华兴科技有限公司,,Python开发工程师,https://jobs.51job.com/zhejiangsheng/74908528.html?s=01&amp;t=0
西安-碑林区,红上至信商务信息咨询（上海）有限公司,,Python爬虫工程师,https://jobs.51job.com/xian-blq/96337463.html?s=01&amp;t=0
广州-天河区,广东奇龙网络科技有限公司,,python工程师,https://jobs.51job.com/guangzhou-thq/97466607.html?s=01&amp;t=0
上海-闵行区,上海云拿智能科技有限公司,,Python开发工程师,https://jobs.51job.com/shanghai-mhq/96562104.html?s=01&amp;t=0
广州-海珠区,广州云杼服装科技有限公司,,后端开发工程师（Python方向）,https://jobs.51job.com/guangzhou-hzq/88029561.html?s=01&amp;t=0
北京-朝阳区,叠云（北京）科技股份有限公司,,Python高级开发工程师(职位编号：DY-ZBJ-2018121909),https://jobs.51job.com/beijing-cyq/96335911.html?s=01&amp;t=0
北京-丰台区,拓天伟业（北京）资产管理有限公司,,Python高级开发工程师,https://jobs.51job.com/beijing-ftq/101235430.html?s=01&amp;t=0
南京,南京硅基智能科技有限公司,,Python开发工程师,https://jobs.51job.com/nanjing/95993061.html?s=01&amp;t=0
荆州,武汉恒博软件技术有限公司,,Python开发工程师+实习生（大数据方向）,https://jobs.51job.com/jingzhou/98649440.html?s=01&amp;t=0
西安,中软博通软件（西安）,,Python开发助理  双休,https://jobs.51job.com/xian/99363255.html?s=01&amp;t=0
上海,亨得昂信息科技（上海）有限公司,,Python开发工程师,https://jobs.51job.com/shanghai/95097974.html?s=01&amp;t=0
北京,易思奇汽车电子（上海）有限公司,,高级Python开发工程师,https://jobs.51job.com/beijing/100515025.html?s=01&amp;t=0
成都-武侯区,四川弘和集团,,Python开发工程师,https://jobs.51job.com/chengdu-whq/101122570.html?s=01&amp;t=0
沈阳-浑南区,大连东软思维科技发展有限公司,,Python开发工程师,https://jobs.51job.com/shenyang-hnq/100064370.html?s=01&amp;t=0
重庆-九龙坡区,重庆市思辨科技有限公司,,Python工程师（机器学习）,https://jobs.51job.com/chongqing-jlpq/100704568.html?s=01&amp;t=0
深圳-南山区,深圳市医信科技有限公司,,Python开发工程师,https://jobs.51job.com/shenzhen-nsq/100571422.html?s=01&amp;t=0
上海-浦东新区,百硕同兴科技（北京）有限公司,,Python开发工程师,https://jobs.51job.com/shanghai-pdxq/100463855.html?s=01&amp;t=0
常州,江苏泓汛智能科技有限公司,,Python开发工程师,https://jobs.51job.com/changzhou/95700356.html?s=01&amp;t=0
广州-天河区,深圳市德科信息技术有限公司,,Python开发工程师-金融行业,https://jobs.51job.com/guangzhou-thq/98486567.html?s=01&amp;t=0
广州-天河区,珠海金山软件股份有限公司,,go/python服务端开发工程师(广州),https://jobs.51job.com/guangzhou-thq/91744781.html?s=01&amp;t=0
杭州,杭州纳帕科技有限公司,,Python开发工程师,https://jobs.51job.com/hangzhou/91125992.html?s=01&amp;t=0
上海-长宁区,泰豪迈能,,Python开发工程师,https://jobs.51job.com/shanghai-cnq/98115915.html?s=01&amp;t=0
宁波,宁波新希望信息技术有限公司,,高薪诚聘Python研发,https://jobs.51job.com/ningbo/83205461.html?s=01&amp;t=0
厦门,厦门艾帝尔斯进出口有限公司,,python数据挖掘工程师,https://jobs.51job.com/xiamen/97995276.html?s=01&amp;t=0
长沙-岳麓区,湖南由创科技有限责任公司,,Python开发工程师,https://jobs.51job.com/changsha-ylq/96675953.html?s=01&amp;t=0
成都,四川君诚互动科技有限公司,,数据python工程师,https://jobs.51job.com/chengdu/94755233.html?s=01&amp;t=0
长春,卓云科技服务（长春）有限公司,,python工程师 人工智能工程师,https://jobs.51job.com/changchun/101308523.html?s=01&amp;t=0
广州-天河区,广州接入信息科技有限公司,,python程序员,https://jobs.51job.com/guangzhou-thq/100301415.html?s=01&amp;t=0
广州-番禺区,广州市电牛医药科技有限公司,,Python开发工程师,https://jobs.51job.com/guangzhou-pyq/100713479.html?s=01&amp;t=0
西安-高新技术产业开发区,西安数拓网络科技有限公司,,Python开发工程师,https://jobs.51job.com/xian-gxjs/100885285.html?s=01&amp;t=0
上海-徐汇区,上海数旦信息技术有限公司,,Python开发高级工程师,https://jobs.51job.com/shanghai-xhq/92217309.html?s=01&amp;t=0
深圳-南山区,深圳市涌浪网络技术有限公司,,Python工程师（爬虫方向）,https://jobs.51job.com/shenzhen-nsq/95338712.html?s=01&amp;t=0
成都,北京优炫软件股份有限公司,,中高级Python开发工程师,https://jobs.51job.com/chengdu/98749837.html?s=01&amp;t=0
苏州,中锐教育集团,,后台开发工程师(PHP/Python),https://jobs.51job.com/suzhou/101091049.html?s=01&amp;t=0
济南-市中区,青岛方天科技股份有限公司,,Python开发工程师+五险一金+济南,https://jobs.51job.com/jinan-szq/98445039.html?s=01&amp;t=0
佛山,华南智能机器人创新研究院,,Python后端开发工程师 （情报中心）,https://jobs.51job.com/foshan/101410253.html?s=01&amp;t=0
上海-普陀区,盘石软件（上海）有限公司,,python 开发工程师,https://jobs.51job.com/shanghai-ptq/80230774.html?s=01&amp;t=0
西安-高新技术产业开发区,陕西易创企业管理有限公司,,Python/Golang开发工程师,https://jobs.51job.com/xian-gxjs/101018796.html?s=01&amp;t=0
南京,南京青花瓷软件科技有限公司,,Python/ROR开发工程师（外包富士通南大）,https://jobs.51job.com/nanjing/92874832.html?s=01&amp;t=0
上海-浦东新区,上海清鹤科技股份有限公司,,Python开发工程师,https://jobs.51job.com/shanghai-pdxq/101319267.html?s=01&amp;t=0
西安-高新技术产业开发区,西安易派软件技术有限公司,,Python高级开发工程师,https://jobs.51job.com/xian-gxjs/88973920.html?s=01&amp;t=0
上海-黄浦区,上海臻战电子科技/Wargaming,,UI Programmer/UI 程序员(Python/C++),https://jobs.51job.com/shanghai-hpq/98048838.html?s=01&amp;t=0
北京-朝阳区,北京友仁邦信息科技有限公司,,Python开发工程师,https://jobs.51job.com/beijing-cyq/101185586.html?s=01&amp;t=0
长沙-岳麓区,湖南奇点创智数据科技有限公司,,Python开发工程师,https://jobs.51job.com/changsha-ylq/97875668.html?s=01&amp;t=0
深圳-龙岗区,深圳市猎芯科技有限公司,,python工程师,https://jobs.51job.com/shenzhen-lgq/84853638.html?s=01&amp;t=0
北京-西城区,北京多来点信息技术有限公司,,Python测试开发工程师,https://jobs.51job.com/beijing-xcq/90848179.html?s=01&amp;t=0
苏州-工业园区,苏州玩友时代科技股份有限公司,,Python开发工程师,https://jobs.51job.com/suzhou-gyyq/71952108.html?s=01&amp;t=0
上海-静安区,上海恒驰信息系统有限公司,,Python开发工程师,https://jobs.51job.com/shanghai-jaq/100365472.html?s=01&amp;t=0
上海-浦东新区,上海浦东软件园信息技术股份有限公司,,初级Python后端工程师,https://jobs.51job.com/shanghai-pdxq/94045387.html?s=01&amp;t=0
北京,北京译泰教育科技有限公司,,平台工具研发工程师（python、java、php）,https://jobs.51job.com/beijing/99694429.html?s=01&amp;t=0
上海-普陀区,上海容大教育培训有限公司,,Python全栈讲师,https://jobs.51job.com/shanghai-ptq/101198113.html?s=01&amp;t=0
上海-浦东新区,北京中星微电子有限公司,,高级Python工程师/深度学习,https://jobs.51job.com/shanghai-pdxq/100273393.html?s=01&amp;t=0
广州-天河区,广州逗号智能零售有限公司,,Python应用工程师（业务系统方向）,https://jobs.51job.com/guangzhou-thq/96816025.html?s=01&amp;t=0
广州-番禺区,广州稻禾信息科技有限公司,,python工程师 python开发工程师,https://jobs.51job.com/guangzhou-pyq/100960421.html?s=01&amp;t=0
杭州-余杭区,杭州声讯网络科技有限公司,,Python开发工程师,https://jobs.51job.com/hangzhou-yhq/98673879.html?s=01&amp;t=0
深圳-南山区,广东盛迪嘉集团有限公司,,Python开发工程师,https://jobs.51job.com/shenzhen-nsq/92714664.html?s=01&amp;t=0
上海,瞬联软件科技（北京）有限公司 CIeNET Technologies,,Python Dev.,https://jobs.51job.com/shanghai/90137659.html?s=01&amp;t=0
宁波,宁波国研软件技术股份有限公司,,python开发实习生,https://jobs.51job.com/ningbo/98748507.html?s=01&amp;t=0
长沙,楼盘网,,Python开发工程师,https://jobs.51job.com/changsha/97215859.html?s=01&amp;t=0
西安,重庆好奇堂游戏有限公司,,Python开发工程师/实习生,https://jobs.51job.com/xian/99356681.html?s=01&amp;t=0
北京-海淀区,北京八维研修学院,,Python项目经理,https://jobs.51job.com/beijing-hdq/92779561.html?s=01&amp;t=0
深圳-南山区,深圳前海橙色魔方信息技术有限公司,,Python程序员,https://jobs.51job.com/shenzhen-nsq/91779158.html?s=01&amp;t=0
广州-天河区,大信会计师事务所（特殊普通合伙）南沙自贸区分所,,高级Python开发工程师/部门经理,https://jobs.51job.com/guangzhou-thq/101159742.html?s=01&amp;t=0
广州,深圳市希仑科技有限公司,,python爬虫开发工程师,https://jobs.51job.com/guangzhou/98095949.html?s=01&amp;t=0
北京-大兴区,北京呈诺医学科技有限公司,,Python开发工程师,https://jobs.51job.com/beijing-dxq/101291421.html?s=01&amp;t=0
苏州-工业园区,苏州冷静文化传媒有限公司,,爬虫工程师/python工程师,https://jobs.51job.com/suzhou-gyyq/101030301.html?s=01&amp;t=0
杭州-滨江区,杭州露电科技有限公司,,Python开发工程师,https://jobs.51job.com/hangzhou-bjq/99347411.html?s=01&amp;t=0
广州-番禺区,广州市货牛牛科技有限公司,,Python高级开发工程师,https://jobs.51job.com/guangzhou-pyq/98620587.html?s=01&amp;t=0
南京-浦口区,江苏普非信息科技有限公司,,python 爬虫工程师（优秀应届生可培养）,https://jobs.51job.com/nanjing-pkq/90579078.html?s=01&amp;t=0
武汉-洪山区,武汉幻视智能科技有限公司,,Python高级开发工程师,https://jobs.51job.com/wuhan-hsq/97298076.html?s=01&amp;t=0
上海,上海汇正财经顾问有限公司,,爬虫开发主管（Python语言）,https://jobs.51job.com/shanghai/100403921.html?s=01&amp;t=0
广州-天河区,深圳淘淘金互联网金融服务有限公司,,Python开发工程师,https://jobs.51job.com/guangzhou-thq/100363074.html?s=01&amp;t=0
北京-海淀区,博彦科技股份有限公司,,python开发工程师（机器学习）,https://jobs.51job.com/beijing-hdq/100417478.html?s=01&amp;t=0
深圳-福田区,深圳华强聚丰电子科技有限公司,,Python开发工程师,https://jobs.51job.com/shenzhen-ftq/100971744.html?s=01&amp;t=0
深圳-南山区,深圳电竞风暴科技有限公司,,python爬虫开发工程师,https://jobs.51job.com/shenzhen-nsq/101402536.html?s=01&amp;t=0
成都-高新区,成都智库二八六一信息技术有限公司,,python工程师,https://jobs.51job.com/chengdu-gxq/88352653.html?s=01&amp;t=0
广州-天河区,广州富融信息技术有限公司,,Python系统架构师,https://jobs.51job.com/guangzhou-thq/99774745.html?s=01&amp;t=0
成都,成都聚思力信息技术有限公司,,python爬虫工程师,https://jobs.51job.com/chengdu/101455212.html?s=01&amp;t=0
北京,奇虎360科技有限公司,,Python高级服务端开发工程师(职位编号：16102),https://jobs.51job.com/beijing/101086902.html?s=01&amp;t=0
沈阳-浑南区,辽宁中嘉博众教育科技有限公司,,Python方向讲师,https://jobs.51job.com/shenyang-hnq/98643799.html?s=01&amp;t=0
上海-徐汇区,中国太平洋保险（集团）股份有限公司,,Python/Go开发工程师（自动化运维方向）,https://jobs.51job.com/shanghai-xhq/98320414.html?s=01&amp;t=0
广州-天河区,北京千锋互联科技有限公司广州分公司,,python讲师,https://jobs.51job.com/guangzhou-thq/100601079.html?s=01&amp;t=0
深圳-福田区,亚联财信息咨询（深圳）有限公司,,python工程师,https://jobs.51job.com/shenzhen-ftq/101330926.html?s=01&amp;t=0
泉州,福建环宇通信息科技股份公司,,Python研发工程师,https://jobs.51job.com/quanzhou/92664037.html?s=01&amp;t=0
上海-浦东新区,重庆爱海米科技有限公司,,风控系统python研发工程师,https://jobs.51job.com/shanghai-pdxq/94862157.html?s=01&amp;t=0
广州-黄埔区,广州国机智能电力科技有限公司,,Python开发工程师,https://jobs.51job.com/guangzhou-hpq/97040870.html?s=01&amp;t=0
长沙-岳麓区,长沙北斗产业安全技术研究院有限公司,,Python开发工程师,https://jobs.51job.com/changsha-ylq/99115704.html?s=01&amp;t=0
上海-闵行区,上海泛微网络科技股份有限公司,,运维工程师（python自动化运维）,https://jobs.51job.com/shanghai-mhq/95813950.html?s=01&amp;t=0
梅州,广东佳鸿达科技股份有限公司,,Python开发工程师,https://jobs.51job.com/meizhou/100150158.html?s=01&amp;t=0
郑州,河南海融教育科技有限公司,,人工智能+Python讲师,https://jobs.51job.com/zhengzhou/97618250.html?s=01&amp;t=0
深圳-南山区,武汉微思敦网络技术有限公司,,高级Python开发工程师（深圳）,https://jobs.51job.com/shenzhen-nsq/96098994.html?s=01&amp;t=0
哈尔滨,黑龙江万通文化传媒有限公司,,运维&Python开发助理人员,https://jobs.51job.com/harbin/90972519.html?s=01&amp;t=0
无锡-无锡新区,善诚科技发展（上海）有限公司无锡分公司,,无锡_python 自动化开发工程师,https://jobs.51job.com/wuxi-wxxq/101462340.html?s=01&amp;t=0
上海-长宁区,金马节能科技（深圳）有限公司,,PHP、Java、Python后台开发工程师,https://jobs.51job.com/shanghai-cnq/101277391.html?s=01&amp;t=0
上海-徐汇区,上海国泰广告有限公司,,python数据挖掘工程师,https://jobs.51job.com/shanghai-xhq/62471817.html?s=01&amp;t=0
上海,上海葵典云软件有限公司,,Python数据挖掘工程师,https://jobs.51job.com/shanghai/100261076.html?s=01&amp;t=0
深圳-南山区,深圳市和讯华谷信息技术有限公司,,Python开发工程师,https://jobs.51job.com/shenzhen-nsq/85321381.html?s=01&amp;t=0
西安,西安美吉健电子商务有限公司,,Python开发工程师,https://jobs.51job.com/xian/98709170.html?s=01&amp;t=0
北京-丰台区,北京商高科技有限公司,,Python开发工程师,https://jobs.51job.com/beijing-ftq/87718751.html?s=01&amp;t=0
广州-越秀区,广东咏声动漫股份有限公司,,Python开发工程师,https://jobs.51job.com/guangzhou-yxq/95969313.html?s=01&amp;t=0
北京-朝阳区,御见思惟（北京）信息科技有限公司,,后端架构师（Python/Go）,https://jobs.51job.com/beijing-cyq/96410532.html?s=01&amp;t=0
西安-高新技术产业开发区,江苏润和软件股份有限公司,,中级Python开发工程师,https://jobs.51job.com/xian-gxjs/99170564.html?s=01&amp;t=0
上海-静安区,智慧芽信息科技（苏州）有限公司,,Python高级开发工程师,https://jobs.51job.com/shanghai-jaq/96474745.html?s=01&amp;t=0
武汉-武昌区,武汉天宸信息技术有限公司,,Python开发,https://jobs.51job.com/wuhan-wcq/92562924.html?s=01&amp;t=0
广州,广州聪明云软件科技有限公司,,python开发工程（高级）,https://jobs.51job.com/guangzhou/100972352.html?s=01&amp;t=0
杭州-西湖区,杭州智语网络科技有限公司,,Python开发工程师,https://jobs.51job.com/hangzhou-xhq/101311279.html?s=01&amp;t=0
天津-东丽区,摩佰尔（天津）电子科技有限公司,,Python工程师（人工智能开发工程师）,https://jobs.51job.com/tianjin-dlq/98216744.html?s=01&amp;t=0
成都,成都赫尔墨斯科技股份有限公司,,Python工程师,https://jobs.51job.com/chengdu/75582132.html?s=01&amp;t=0
武汉-江夏区,博彦科技股份有限公司,,Python开发工程师,https://jobs.51job.com/wuhan-jxq/95077109.html?s=01&amp;t=0
成都,北京深蓝海域信息科技有限公司,,Python工程师,https://jobs.51job.com/chengdu/93247708.html?s=01&amp;t=0
湖北省,上海博达数据通信有限公司,,Python开发工程师,https://jobs.51job.com/hubeisheng/93551677.html?s=01&amp;t=0
成都-高新区,成都异想天开科技有限公司,,Python,https://jobs.51job.com/chengdu-gxq/101324992.html?s=01&amp;t=0
广州-白云区,恒企教育,,Python工程师（课程研发方向）(职位编号：Y),https://jobs.51job.com/guangzhou-byq/100694198.html?s=01&amp;t=0
深圳-南山区,深圳市华傲数据技术有限公司,,C++量化开发/python,https://jobs.51job.com/shenzhen-nsq/101187529.html?s=01&amp;t=0
南京,江苏红网技术股份有限公司,,python爬虫工程师,https://jobs.51job.com/nanjing/101392123.html?s=01&amp;t=0
上海-虹口区,上海宏路数据技术股份有限公司,,Python开发工程师,https://jobs.51job.com/shanghai-hkq/98339944.html?s=01&amp;t=0
武汉-东湖新技术产业开发区,优维科技（深圳）有限公司,,Python开发工程师,https://jobs.51job.com/wuhan-dhxjs/101413532.html?s=01&amp;t=0
武汉-洪山区,湖北全健运动健康产业孵化器有限公司,,Python开发工程师,https://jobs.51job.com/wuhan-hsq/100386374.html?s=01&amp;t=0
北京-海淀区,北京天行网安信息技术有限责任公司,,python开发工程师,https://jobs.51job.com/beijing-hdq/99555995.html?s=01&amp;t=0
武汉-洪山区,湖北华奥星空体育产业联盟发展有限公司,,python开发工程师,https://jobs.51job.com/wuhan-hsq/100402368.html?s=01&amp;t=0
北京,北京中宇华兴科技有限公司,,Python开发工程师,https://jobs.51job.com/beijing/90172810.html?s=01&amp;t=0
天津-和平区,上海图趣信息科技有限公司,,后端开发工程师（Java or Python）,https://jobs.51job.com/tianjin-hpq/98654439.html?s=01&amp;t=0
深圳-宝安区,北京千锋互联科技有限公司深圳分公司,,Python讲师,https://jobs.51job.com/shenzhen-baq/100120770.html?s=01&amp;t=0
昆明-五华区,昆明微想智森科技股份有限公司,,Web后端开发工程师（PHP或Python程序员）,https://jobs.51job.com/kunming-whq/82260122.html?s=01&amp;t=0
杭州-滨江区,杭州佑才网络科技有限公司,,赴日Python开发工程师,https://jobs.51job.com/hangzhou-bjq/100989541.html?s=01&amp;t=0
北京-丰台区,银河互联网电视有限公司,,Java/Python高级工程师,https://jobs.51job.com/beijing-ftq/99096102.html?s=01&amp;t=0
广州-天河区,广州嘉为科技有限公司,,Python讲师,https://jobs.51job.com/guangzhou-thq/83111603.html?s=01&amp;t=0
苏州-姑苏区,合肥学码思企业管理合伙企业（有限合伙）,,Python软件开发工程师,https://jobs.51job.com/suzhou-gsq/101271205.html?s=01&amp;t=0
无锡-滨湖区,无锡广华科技有限公司,,Python开发工程师,https://jobs.51job.com/wuxi-bhq/96056820.html?s=01&amp;t=0
深圳-南山区,深圳市藤讯科技有限公司,,高级Python后端工程师,https://jobs.51job.com/shenzhen-nsq/92127947.html?s=01&amp;t=0
长沙-岳麓区,湖南纳米娱乐网络科技有限公司,,Python开发(职位编号：00008),https://jobs.51job.com/changsha-ylq/82900697.html?s=01&amp;t=0
成都-锦江区,成都三秋科技有限责任公司,,Python爬虫开发工程师,https://jobs.51job.com/chengdu-jjq/96675524.html?s=01&amp;t=0
上海-浦东新区,上海物景智能科技有限公司,,web工程师（Python）,https://jobs.51job.com/shanghai-pdxq/95656661.html?s=01&amp;t=0
深圳,华强方特文化科技集团股份有限公司,,Python开发工程师,https://jobs.51job.com/shenzhen/94286655.html?s=01&amp;t=0
深圳,深圳飞豹航天航空科技有限公司,,"后台开发工程师（Node, Python, Java, Go）",https://jobs.51job.com/shenzhen/100845603.html?s=01&amp;t=0
上海-浦东新区,上海琻瑢信息科技有限公司,,python爬虫工程师,https://jobs.51job.com/shanghai-pdxq/94800657.html?s=01&amp;t=0
深圳-南山区,深圳市前海汇流信息科技有限公司,,Python研发工程师,https://jobs.51job.com/shenzhen-nsq/88210309.html?s=01&amp;t=0
上海-徐汇区,上海百脑汇电子信息有限公司,,Python开发工程师,https://jobs.51job.com/shanghai-xhq/101401439.html?s=01&amp;t=0
武汉,武汉飞脉科技有限责任公司,,python研发工程师,https://jobs.51job.com/wuhan/82328827.html?s=01&amp;t=0
广州-增城,广东菲立智能家居有限公司,,python实施开发人员,https://jobs.51job.com/guangzhou-zc/100007639.html?s=01&amp;t=0
杭州-拱墅区,杭州斯荙克信息技术有限公司,,五险Python开发工程师助理,https://jobs.51job.com/hangzhou-gsq/101520827.html?s=01&amp;t=0
武汉-江夏区,武汉百科杰软件有限公司,,Python开发实习生,https://jobs.51job.com/wuhan-jxq/101405817.html?s=01&amp;t=0
福州,北京新大陆时代教育科技有限公司,,Python开发工程师,https://jobs.51job.com/fuzhou/87049424.html?s=01&amp;t=0
深圳-南山区,北京泛鹏天地科技股份有限公司,,Java开发工程师（Python）,https://jobs.51job.com/shenzhen-nsq/101171659.html?s=01&amp;t=0
南京-雨花台区,江苏友趣网络科技有限公司,,Python开发工程师,https://jobs.51job.com/nanjing-yhtq/98313066.html?s=01&amp;t=0
上海-浦东新区,魔视智能科技（上海）有限公司,,Python开发工程师,https://jobs.51job.com/shanghai-pdxq/94810987.html?s=01&amp;t=0
上海-浦东新区,上海墨鹍数码科技有限公司,,测试开发工程师（C++/python）,https://jobs.51job.com/shanghai-pdxq/68233359.html?s=01&amp;t=0
武汉,武汉纤效电子科技有限公司,,python web开发工程师,https://jobs.51job.com/wuhan/64407727.html?s=01&amp;t=0
上海-浦东新区,上海快屏网络科技有限公司,,Python开发工程师,https://jobs.51job.com/shanghai-pdxq/97889766.html?s=01&amp;t=0
上海-徐汇区,上海华屹数码科技有限公司,,python开发工程师,https://jobs.51job.com/shanghai-xhq/75637335.html?s=01&amp;t=0
西安,西安飞凡网络技术咨询有限公司,,python讲师,https://jobs.51job.com/xian/90947507.html?s=01&amp;t=0
西安-高新技术产业开发区,北京优诺信创科技有限公司,,Python高级软件工程师,https://jobs.51job.com/xian-gxjs/90528902.html?s=01&amp;t=0
深圳-南山区,深圳瀚德金融控股有限公司,,Python数据开发工程师（数据平台）-XWJF(职位编号：hdfh000971),https://jobs.51job.com/shenzhen-nsq/97300090.html?s=01&amp;t=0
上海-浦东新区,北京宏天信业信息技术股份有限公司上海分公司,,Python开发工程师,https://jobs.51job.com/shanghai-pdxq/101182949.html?s=01&amp;t=0
广州,广州宝巨信息技术有限公司,,Python开发工程师,https://jobs.51job.com/guangzhou/71717870.html?s=01&amp;t=0
广州-海珠区,前海易物（深圳）电子商务有限公司广州分公司,,Python服务端工程师/Python开发工程师,https://jobs.51job.com/guangzhou-hzq/100761939.html?s=01&amp;t=0
成都-青羊区,四川泰立智汇科技有限公司,,Python开发工程师,https://jobs.51job.com/chengdu-qyq/100247728.html?s=01&amp;t=0
深圳-南山区,深圳市铺铺旺电子商务有限公司南京分公司,,Python后台架构师 （后台开发）,https://jobs.51job.com/shenzhen-nsq/101188149.html?s=01&amp;t=0
重庆-渝北区,重庆盖茨知识产权代理有限公司,,Python开发工程师,https://jobs.51job.com/chongqing-ybq/101221359.html?s=01&amp;t=0
深圳,深圳市全瓷时代电器有限公司,,Python开发工程师,https://jobs.51job.com/shenzhen/100883452.html?s=01&amp;t=0
杭州-滨江区,杭州云容科技有限公司,,python开发工程师,https://jobs.51job.com/hangzhou-bjq/101232671.html?s=01&amp;t=0
北京-丰台区,拓朴（北京）医疗技术有限公司,,python研发工程师,https://jobs.51job.com/beijing-ftq/100553472.html?s=01&amp;t=0
上海-浦东新区,上海思华科技股份有限公司,,云计算开发工程师(Python),https://jobs.51job.com/shanghai-pdxq/99537964.html?s=01&amp;t=0
大连,大连华彩信息技术有限公司,,python WEB开发工程师,https://jobs.51job.com/dalian/96438864.html?s=01&amp;t=0
福州,长威信息科技发展股份有限公司,,Python工程师,https://jobs.51job.com/fuzhou/84982669.html?s=01&amp;t=0
成都,海南太美航空股份有限公司,,Python开发工程师,https://jobs.51job.com/chengdu/98817697.html?s=01&amp;t=0
上海-徐汇区,MAX Communication,,Python,https://jobs.51job.com/shanghai-xhq/100951309.html?s=01&amp;t=0
北京-朝阳区,上海摹汐智能科技有限公司,,Python高级开发工程师,https://jobs.51job.com/beijing-cyq/101194174.html?s=01&amp;t=0
广州-天河区,广州英荔教育科技有限公司,,Python高级软件工程师,https://jobs.51job.com/guangzhou-thq/89142700.html?s=01&amp;t=0
上海-长宁区,上海神州数码有限公司,,Python开发工程师,https://jobs.51job.com/shanghai-cnq/101167432.html?s=01&amp;t=0
台州,台州汇聚信息科技有限公司,,python后端工程师,https://jobs.51job.com/taizhoue/99299682.html?s=01&amp;t=0
成都,成都贝尔通讯实业有限公司,,Python工程师,https://jobs.51job.com/chengdu/95573464.html?s=01&amp;t=0
成都-高新区,重庆东软睿道信息技术有限公司,,Python后端开发实习生,https://jobs.51job.com/chengdu-gxq/101106917.html?s=01&amp;t=0
深圳,深圳市贝莱德投资顾问有限公司,,Python开发工程师,https://jobs.51job.com/shenzhen/101629343.html?s=01&amp;t=0
杭州,深圳市拓保软件有限公司南京分公司,,Python开发工程师,https://jobs.51job.com/hangzhou/101444079.html?s=01&amp;t=0
武汉-江汉区,北京今朝勇创科技有限公司,,Python开发工程师,https://jobs.51job.com/wuhan-jhq/99702615.html?s=01&amp;t=0
上海-浦东新区,上海云深网络技术有限公司,,Python开发工程师,https://jobs.51job.com/shanghai-pdxq/97920092.html?s=01&amp;t=0
佛山,广州数驰信息科技有限公司,,Python开发工程师,https://jobs.51job.com/foshan/101089705.html?s=01&amp;t=0
广州,赛业（广州）生物科技有限公司,,Python爬虫工程师,https://jobs.51job.com/guangzhou/101630655.html?s=01&amp;t=0
北京-朝阳区,在线途游（北京）科技有限公司,,python服务器(职位编号：Tuyoo000347),https://jobs.51job.com/beijing-cyq/101628066.html?s=01&amp;t=0
上海-长宁区,阿基米德（上海）传媒有限公司,,python高级大数据开发工程师,https://jobs.51job.com/shanghai-cnq/88243000.html?s=01&amp;t=0
上海,上海天玑科技股份有限公司,,Python开发工程师,https://jobs.51job.com/shanghai/101149807.html?s=01&amp;t=0
上海,上海天玑数据技术有限公司,,Python开发工程师,https://jobs.51job.com/shanghai/78412707.html?s=01&amp;t=0
北京,江森自控（中国）投资有限公司,,Python开发工程师(面向2018届毕业生),https://jobs.51job.com/beijing/98471332.html?s=01&amp;t=0
上海-闵行区,上海英方软件股份有限公司,,Web开发工程师/python开发工程师--杭州,https://jobs.51job.com/shanghai-mhq/96030653.html?s=01&amp;t=0
武汉,武汉中科图灵科技有限公司,,Python爬虫工程师,https://jobs.51job.com/wuhan/101641288.html?s=01&amp;t=0
上海-静安区,上海有个机器人有限公司,,Python高级开发工程师,https://jobs.51job.com/shanghai-jaq/101641341.html?s=01&amp;t=0
南京,江苏宝和数据股份有限公司,,Python开发工程师,https://jobs.51job.com/nanjing/86983849.html?s=01&amp;t=0
成都-青羊区,深圳市风云实业有限公司,,Python Web开发工程师,https://jobs.51job.com/chengdu-qyq/98162838.html?s=01&amp;t=0
上海-浦东新区,上海新致软件股份有限公司,,Python开发工程师(金融行业）,https://jobs.51job.com/shanghai-pdxq/101649236.html?s=01&amp;t=0
北京-海淀区,华信永益（北京）信息技术有限公司,,java开发（会Python优先）,https://jobs.51job.com/beijing-hdq/101652279.html?s=01&amp;t=0
深圳-南山区,深圳市狮子软件有限公司,,python数据工程师,https://jobs.51job.com/shenzhen-nsq/101653331.html?s=01&amp;t=0
温州,浙江百先得服饰有限公司,,PYTHON/PHP程序员,https://jobs.51job.com/wenzhou/85855832.html?s=01&amp;t=0
天津-南开区,东方瑞通（天津）IT培训与服务中心,,python高级讲师,https://jobs.51job.com/tianjin-nkq/101089619.html?s=01&amp;t=0
上海-长宁区,亚创博彦（上海）信息技术有限公司,,Python开发工程师,https://jobs.51job.com/shanghai-cnq/91692026.html?s=01&amp;t=0
上海-嘉定区,上海皓维电子股份有限公司,,C++/Python开发工程师,https://jobs.51job.com/shanghai-jdq/92951342.html?s=01&amp;t=0
深圳-南山区,500.com集团,,Python后台开发,https://jobs.51job.com/shenzhen-nsq/101662219.html?s=01&amp;t=0
沈阳-和平区,百度沈阳地区营销服务中心,,软件开发工程师——python/java方向,https://jobs.51job.com/shenyang-hpq/82753946.html?s=01&amp;t=0
上海-虹口区,北京海兰信数据科技股份有限公司,,Python高级开发工程师,https://jobs.51job.com/shanghai-hkq/99854135.html?s=01&amp;t=0
广州-天河区,广州麦仑信息科技有限公司,,Python 开发工程师,https://jobs.51job.com/guangzhou-thq/97020419.html?s=01&amp;t=0
上海-静安区,上海景鹄集团有限公司,,python开发工程师,https://jobs.51job.com/shanghai-jaq/80398642.html?s=01&amp;t=0
广州-天河区,广州御银科技股份有限公司,,Python高级研发工程师（孵化器公司）,https://jobs.51job.com/guangzhou-thq/95048331.html?s=01&amp;t=0
深圳-宝安区,第一品牌有限公司 FIRST BRAND LIMITED,,python+postgreSQL 社交商城开发(职位编号：1),https://jobs.51job.com/shenzhen-baq/96687254.html?s=01&amp;t=0
成都-高新区,成都路行通信息技术有限公司,,中级Python研发工程师,https://jobs.51job.com/chengdu-gxq/97650782.html?s=01&amp;t=0
上海-徐汇区,北京众标智能科技有限公司,,Python开发工程师,https://jobs.51job.com/shanghai-xhq/94462963.html?s=01&amp;t=0
北京-朝阳区,海南大云科技有限公司,,Python高级开发工程师,https://jobs.51job.com/beijing-cyq/97469734.html?s=01&amp;t=0
北京-朝阳区,北京知道创宇信息技术有限公司,,python研发工程师,https://jobs.51job.com/beijing-cyq/97587892.html?s=01&amp;t=0
上海-杨浦区,上海晏鼠计算机技术股份有限公司,,Python web开发工程师,https://jobs.51job.com/shanghai-ypq/97623475.html?s=01&amp;t=0
上海,车音智能科技有限公司,,python自然语言处理工程师,https://jobs.51job.com/shanghai/99166957.html?s=01&amp;t=0
沈阳-浑南区,辽宁地道科技有限公司,,Python开发工程师(可接受实习生),https://jobs.51job.com/shenyang-hnq/99320344.html?s=01&amp;t=0
深圳-南山区,深圳市爱致科技有限公司,,python/lua开发,https://jobs.51job.com/shenzhen-nsq/100272278.html?s=01&amp;t=0
广州-天河区,广州名城建筑设计院有限公司,,Python工程师,https://jobs.51job.com/guangzhou-thq/100485363.html?s=01&amp;t=0
上海-松江区,上海巨人网络科技有限公司,,Python数据开发工程师,https://jobs.51job.com/shanghai-sjq/100527789.html?s=01&amp;t=0
北京-大兴区,中金智汇科技有限责任公司,,Python开发工程师,https://jobs.51job.com/beijing-dxq/100756672.html?s=01&amp;t=0
深圳-龙华新区,深圳市乔安科技有限公司,,后端python工程师,https://jobs.51job.com/shenzhen-lhxq/101548296.html?s=01&amp;t=0
北京,颉一软件科技有限公司,,高级Python后端工程师,https://jobs.51job.com/beijing/101551570.html?s=01&amp;t=0
广州-天河区,广州市优泰安防技术有限公司,,Python高级开发工程师,https://jobs.51job.com/guangzhou-thq/101565113.html?s=01&amp;t=0
北京-朝阳区,人人行科技股份有限公司,,python开发工程师(职位编号：rrxjdb001806),https://jobs.51job.com/beijing-cyq/101544373.html?s=01&amp;t=0
杭州-滨江区,上海易宝软件有限公司杭州分公司,,Python开发工程师,https://jobs.51job.com/hangzhou-bjq/97917336.html?s=01&amp;t=0
杭州,杭州中焯信息技术股份有限公司,,Python开发工程师,https://jobs.51job.com/hangzhou/85894249.html?s=01&amp;t=0
武汉-洪山区,百纳（武汉）信息技术有限公司,,Python开发工程师,https://jobs.51job.com/wuhan-hsq/97178486.html?s=01&amp;t=0
上海,万宝盛华企业管理咨询（上海）有限公司,,爱尔兰电商咨询外企Python DevOps Engineer,https://jobs.51job.com/shanghai/100928694.html?s=01&amp;t=0
昆山,昆山千金电子有限公司,,python程序员,https://jobs.51job.com/kunshan/101520687.html?s=01&amp;t=0
深圳,成都迈思信息技术有限公司,,Python开发工程师,https://jobs.51job.com/shenzhen/91164220.html?s=01&amp;t=0
上海-浦东新区,深圳市德科信息技术有限公司,,Python开发工程师,https://jobs.51job.com/shanghai-pdxq/99070463.html?s=01&amp;t=0
广州-黄埔区,广州佰聆数据股份有限公司,,数据分析师（python）,https://jobs.51job.com/guangzhou-hpq/99941421.html?s=01&amp;t=0
北京,北京斯普信信息技术有限公司,,Python开发工程师,https://jobs.51job.com/beijing/97824451.html?s=01&amp;t=0
深圳-福田区,深圳市易思博酷客科技有限公司,,Python开发工程师,https://jobs.51job.com/shenzhen-ftq/101437092.html?s=01&amp;t=0
苏州,苏州科大国创信息技术有限公司,,Python开发工程师,https://jobs.51job.com/suzhou/74483697.html?s=01&amp;t=0
深圳-龙华新区,富士康科技集团CNSBG事业群,,Python+MySQL 后台开发工程师,https://jobs.51job.com/shenzhen-lhxq/83429787.html?s=01&amp;t=0
广州,广东长荣科技有限公司,,Python开发工程师,https://jobs.51job.com/guangzhou/83654695.html?s=01&amp;t=0
成都,成都万创科技有限责任公司,,高级软件工程师（Web MIS Python PHP）,https://jobs.51job.com/chengdu/96500231.html?s=01&amp;t=0
北京-朝阳区,中讯志远（武汉）科技有限公司,,Python工程师,https://jobs.51job.com/beijing-cyq/71880929.html?s=01&amp;t=0
深圳-南山区,深圳市云趣网络科技股份有限公司,,python后台开发工程师,https://jobs.51job.com/shenzhen-nsq/65507204.html?s=01&amp;t=0
北京-朝阳区,北京盖娅互娱网络科技股份有限公司,,游戏服务器(Python)开发工程师,https://jobs.51job.com/beijing-cyq/95482317.html?s=01&amp;t=0
武汉-武昌区,武汉卓讯互动信息科技有限公司,,Python开发工程师,https://jobs.51job.com/wuhan-wcq/101011196.html?s=01&amp;t=0
北京-朝阳区,维升（天津）企业管理有限公司,,Python开发工程师,https://jobs.51job.com/beijing-cyq/100673871.html?s=01&amp;t=0
北京-海淀区,中国电子科技集团公司第十五研究所（华北计算技术研究所）,,python web 开发工程师,https://jobs.51job.com/beijing-hdq/59465911.html?s=01&amp;t=0
大连,大连展锋人力资源开发有限公司,,高级Python开发工程师,https://jobs.51job.com/dalian/97124252.html?s=01&amp;t=0
上海-徐汇区,上海复深蓝软件股份有限公司,,Python开发工程师（编号03）,https://jobs.51job.com/shanghai-xhq/93794898.html?s=01&amp;t=0
上海-杨浦区,甲骨文（中国）软件系统有限公司,,SaaS Cloud Sr. Test Developer(Java/Python/Bash),https://jobs.51job.com/shanghai-ypq/94893194.html?s=01&amp;t=0
深圳-南山区,深圳市爱美购科技有限公司,,软件开发工程师(Python数据爬虫),https://jobs.51job.com/shenzhen-nsq/101492507.html?s=01&amp;t=0
深圳-南山区,深圳市云之梦科技有限公司,,后台开发工程师（C++，Python，go）,https://jobs.51job.com/shenzhen-nsq/96747020.html?s=01&amp;t=0
深圳-南山区,顺丰科技有限公司,,Python开发工程师,https://jobs.51job.com/shenzhen-nsq/99385936.html?s=01&amp;t=0
北京-海淀区,北京思睿网信科技有限公司,,python架构师,https://jobs.51job.com/beijing-hdq/99684982.html?s=01&amp;t=0
重庆-渝北区,深圳市天彦通信技术有限公司重庆分公司,,Python开发工程师,https://jobs.51job.com/chongqing-ybq/99666750.html?s=01&amp;t=0
深圳,深圳市奇迅新游科技股份有限公司,,python服务器开发工程师,https://jobs.51job.com/shenzhen/100733615.html?s=01&amp;t=0
西安-雁塔区,西安晨之星信息科技有限责任公司,,python 全栈开发工程师,https://jobs.51job.com/xian-ytq/100108711.html?s=01&amp;t=0
成都-锦江区,四川海德智和科技有限公司,,Python开发工程师,https://jobs.51job.com/chengdu-jjq/96022495.html?s=01&amp;t=0
杭州-萧山区,杭州国辰机器人科技有限公司,,Python开发工程师,https://jobs.51job.com/hangzhou-xsq/77713555.html?s=01&amp;t=0
成都,成都励慧网络科技有限公司,,Python开发工程师,https://jobs.51job.com/chengdu/90573443.html?s=01&amp;t=0
北京,北京博辉在线科技发展有限公司,,Python测试工程师,https://jobs.51job.com/beijing/97834506.html?s=01&amp;t=0
哈尔滨-松北区,哈尔滨海能达科技有限公司,,Python开发工程师,https://jobs.51job.com/hadongbin-sbq/98133618.html?s=01&amp;t=0
杭州-下城区,上海巴九灵文化传播有限公司,,技术开发-后端工程师-python,https://jobs.51job.com/hangzhou-xcq/99817117.html?s=01&amp;t=0
深圳,深圳易思网络技术有限公司,,Python,https://jobs.51job.com/shenzhen/85826084.html?s=01&amp;t=0
西安,北京华软金科信息技术有限公司,,Python开发工程师,https://jobs.51job.com/xian/101249959.html?s=01&amp;t=0
武汉-洪山区,武汉掌中宝网络科技有限公司,,python服务端,https://jobs.51job.com/wuhan-hsq/95095570.html?s=01&amp;t=0
深圳-南山区,深圳市中顺和盈科技有限公司,,Python爬虫工程师,https://jobs.51job.com/shenzhen-nsq/100056899.html?s=01&amp;t=0
西安,西安车装甲信息科技有限公司,,Python开发工程师(web方向）,https://jobs.51job.com/xian/98116398.html?s=01&amp;t=0
北京-海淀区,北京比特大陆科技有限公司,,Python/Go开发工程师-北京-00395,https://jobs.51job.com/beijing-hdq/94081980.html?s=01&amp;t=0
上海-浦东新区,上海麦子资产管理有限公司,,python 开发工程师,https://jobs.51job.com/shanghai-pdxq/98005426.html?s=01&amp;t=0
沈阳-浑南区,北京筑梦园科技有限公司沈阳分公司,,产品开发工程师（Python）,https://jobs.51job.com/shenyang-hnq/75558911.html?s=01&amp;t=0
武汉-洪山区,北大青鸟武汉宏鹏（鲁广南校区）,,python讲师,https://jobs.51job.com/wuhan-hsq/96698525.html?s=01&amp;t=0
武汉,武汉科思沃斯教育科技有限公司,,Python讲师,https://jobs.51job.com/wuhan/96699285.html?s=01&amp;t=0
北京,湖南合天智汇信息技术有限公司,,Python开发工程师,https://jobs.51job.com/beijing/100330056.html?s=01&amp;t=0
深圳-宝安区,深圳市三创达实业有限公司,,Python游戏服务端开发工程师,https://jobs.51job.com/shenzhen-baq/100506420.html?s=01&amp;t=0
北京-海淀区,北京搜狗科技发展有限公司,,技术工程部-python开发工程师-北京-02155,https://jobs.51job.com/beijing-hdq/89381347.html?s=01&amp;t=0
上海,上海飞田通信股份有限公司,,Python高级开发工程师（团队负责人）,https://jobs.51job.com/shanghai/95000825.html?s=01&amp;t=0
广州-天河区,蓝盾信息安全技术股份有限公司,,Python工程师(职位编号：YF019),https://jobs.51job.com/guangzhou-thq/80611988.html?s=01&amp;t=0
深圳-福田区,深圳市道合顺科技有限公司,,Python开发工程师,https://jobs.51job.com/shenzhen-ftq/101518083.html?s=01&amp;t=0
上海-浦东新区,上海哈杜科技有限公司,,Python高级工程师,https://jobs.51job.com/shanghai-pdxq/100443755.html?s=01&amp;t=0
广州-天河区,广州楠天网络科技有限公司,,Python开发工程师,https://jobs.51job.com/guangzhou-thq/100512317.html?s=01&amp;t=0
成都-高新区,成都申帝科技有限公司,,Python Web 工程师,https://jobs.51job.com/chengdu-gxq/74785297.html?s=01&amp;t=0
南京-江宁区,南京爱唯光石信息技术有限公司,,Python高级开发工程师(职位编号：14),https://jobs.51job.com/nanjing-jnq/94520388.html?s=01&amp;t=0
深圳-宝安区,传智播客教育集团深圳分校,,Python就业指导专员,https://jobs.51job.com/shenzhen-baq/90546319.html?s=01&amp;t=0
广州-天河区,广州小成信息科技有限公司,,python开发工程师（双休+五险）,https://jobs.51job.com/guangzhou-thq/96308363.html?s=01&amp;t=0
深圳-福田区,深圳市红孩儿信息技术有限公司,,ai 工程师   /   人工智能Python,https://jobs.51job.com/shenzhen-ftq/100236760.html?s=01&amp;t=0
上海,上海华浪计算机科技有限公司,,Python开发工程师,https://jobs.51job.com/shanghai/98372579.html?s=01&amp;t=0
深圳-罗湖区,深圳市艾鑫承科技有限公司,,Python开发工程师,https://jobs.51job.com/shenzhen-lhq/91957415.html?s=01&amp;t=0
郑州,传智播客教育集团郑州分校,,Python就业指导J10407,https://jobs.51job.com/zhengzhou/99224215.html?s=01&amp;t=0
大连,广州碧软信息科技有限公司,,python,https://jobs.51job.com/dalian/101577004.html?s=01&amp;t=0
杭州-余杭区,杭州牛盾网络技术有限公司,,Python开发工程师,https://jobs.51job.com/hangzhou-yhq/99537368.html?s=01&amp;t=0
上海-浦东新区,上海联寓智能科技有限公司,,Python开发工程师,https://jobs.51job.com/shanghai-pdxq/101249095.html?s=01&amp;t=0
广州-天河区,广州天鹏计算机科技有限公司,,Python高级开发工程师,https://jobs.51job.com/guangzhou-thq/100851029.html?s=01&amp;t=0
北京-朝阳区,长安通信科技有限责任公司,,python 研发工程师,https://jobs.51job.com/beijing-cyq/81207355.html?s=01&amp;t=0
上海-静安区,上海高重信息科技有限公司,,python开发,https://jobs.51job.com/shanghai-jaq/78688085.html?s=01&amp;t=0
杭州-滨江区,杭州创慧信息技术有限公司,,python-web 全栈工程师,https://jobs.51job.com/hangzhou-bjq/101147442.html?s=01&amp;t=0
武汉-洪山区,武汉市瑞思信息技术有限公司,,Python开发工程师,https://jobs.51job.com/wuhan-hsq/101547716.html?s=01&amp;t=0
福州-仓山区,上海虎赞信息科技有限公司,,Python高级开发工程师,https://jobs.51job.com/fuzhou-csq/101572740.html?s=01&amp;t=0
北京-海淀区,北京棣南新宇科技有限公司,,Python高级开发工程师,https://jobs.51job.com/beijing-hdq/95127910.html?s=01&amp;t=0
广州-天河区,广州回头车信息科技有限公司,,Python开发工程师,https://jobs.51job.com/guangzhou-thq/92833813.html?s=01&amp;t=0
上海,我查查信息技术（上海）有限公司,,Python开发工程师,https://jobs.51job.com/shanghai/101535573.html?s=01&amp;t=0
上海-杨浦区,造源信息科技（上海）有限公司,,Python开发工程师（Odoo）,https://jobs.51job.com/shanghai-ypq/101365065.html?s=01&amp;t=0
哈尔滨,哈尔滨赛奥科技发展有限公司,,服务器后端开发（C++、Python）,https://jobs.51job.com/harbin/71468485.html?s=01&amp;t=0
郑州-高新区,河南识为软件科技有限公司,,Python开发工程师,https://jobs.51job.com/zhengzhou-gxq/95086320.html?s=01&amp;t=0
天津-南开区,中科软科技股份有限公司,,Python工程师（天津）,https://jobs.51job.com/tianjin-nkq/95879689.html?s=01&amp;t=0
广州-天河区,广州亿牛信息科技有限公司,,Python开发工程师,https://jobs.51job.com/guangzhou-thq/99074540.html?s=01&amp;t=0
苏州-工业园区,苏州有推信息科技有限公司,,Python中级工程师,https://jobs.51job.com/suzhou-gyyq/99121324.html?s=01&amp;t=0
上海,上海齐家网信息科技股份有限公司,,高级python开发工程师,https://jobs.51job.com/shanghai/82511874.html?s=01&amp;t=0
重庆-渝北区,重庆新致金服信息技术有限公司,,Python开发工程师,https://jobs.51job.com/chongqing-ybq/99242542.html?s=01&amp;t=0
成都-高新区,杭州顺网科技股份有限公司,,Python开发工程师,https://jobs.51job.com/chengdu-gxq/99432415.html?s=01&amp;t=0
昆明-官渡区,昆明英才添翼达内科技有限公司,,Python项目经理,https://jobs.51job.com/kunming-gdq/100659543.html?s=01&amp;t=0
上海-浦东新区,上海有大信息科技有限公司,,Python/R语言方向工程师,https://jobs.51job.com/shanghai-pdxq/100815432.html?s=01&amp;t=0
深圳-福田区,深圳市博奥特科技有限公司,,Python开发工程师,https://jobs.51job.com/shenzhen-ftq/101060460.html?s=01&amp;t=0
昆明-盘龙区,云南延烨信息技术有限公司,,Python开发工程师,https://jobs.51job.com/kunming-plq/101330741.html?s=01&amp;t=0
深圳-南山区,深圳市沃控科技有限公司,,Python实习生 不限基础,https://jobs.51job.com/shenzhen-nsq/101510430.html?s=01&amp;t=0
上海-闵行区,上海擎云物联网股份有限公司,,python开发工程师(职位编号：kl-1602001),https://jobs.51job.com/shanghai-mhq/75138734.html?s=01&amp;t=0
福州,福州靠谱云科技有限公司,,Python运维开发工程师,https://jobs.51job.com/fuzhou/86174622.html?s=01&amp;t=0
北京-海淀区,北京娜迦信息科技发展有限公司,,Python开发工程师,https://jobs.51job.com/beijing-hdq/100282493.html?s=01&amp;t=0
广州,广东昱辉通信技术有限公司,,python运维工程师,https://jobs.51job.com/guangzhou/98610581.html?s=01&amp;t=0
南京-雨花台区,深圳市爱能森科技有限公司,,Python开发工程师,https://jobs.51job.com/nanjing-yhtq/99013274.html?s=01&amp;t=0
深圳,深圳市安络科技有限公司,,Python开发工程师,https://jobs.51job.com/shenzhen/85718151.html?s=01&amp;t=0
沈阳-和平区,沈阳黑猫网络科技有限公司,,Python开发工程师,https://jobs.51job.com/shenyang-hpq/100405784.html?s=01&amp;t=0
广州,东莞臻线信息科技有限公司,,python 工程师,https://jobs.51job.com/guangzhou/97950166.html?s=01&amp;t=0
上海-闵行区,有因信息科技（上海）有限公司,,高级Python开发工程师,https://jobs.51job.com/shanghai-mhq/98639401.html?s=01&amp;t=0
成都-高新区,成都市米彩科技有限公司,,Python讲师,https://jobs.51job.com/chengdu-gxq/98741551.html?s=01&amp;t=0
深圳-南山区,深圳市华创科新科技有限公司,,中级python后端开发,https://jobs.51job.com/shenzhen-nsq/91963922.html?s=01&amp;t=0
福州,福州唐龙电子商务有限公司,,Python开发工程师,https://jobs.51job.com/fuzhou/101345299.html?s=01&amp;t=0
广州,广州市漫灵软件有限公司,,Python后端开发工程师,https://jobs.51job.com/guangzhou/100488638.html?s=01&amp;t=0
北京-东城区,北京神黄科技股份有限公司,,Python开发工程师,https://jobs.51job.com/beijing-dcq/76996777.html?s=01&amp;t=0
南京,南京松勤网络科技有限公司,,python讲师,https://jobs.51job.com/nanjing/98883146.html?s=01&amp;t=0
珠海-香洲区,珠海国芯云科技有限公司,,Python开发工程师,https://jobs.51job.com/zhuhai-xzq/93415976.html?s=01&amp;t=0
深圳-福田区,深圳华策辉弘科技有限公司,,Python工程师-大数据方向,https://jobs.51job.com/shenzhen-ftq/100210045.html?s=01&amp;t=0
上海-徐汇区,游族网络,,资深python开发工程师(职位编号：youzu002683),https://jobs.51job.com/shanghai-xhq/100128502.html?s=01&amp;t=0
上海-静安区,墨智科技（深圳）有限公司,,量化风控经理/风控建模经理/R/Python(职位编号：CP-01-1),https://jobs.51job.com/shanghai-jaq/99583681.html?s=01&amp;t=0
上海-静安区,上海鸣应信息技术有限公司,,PYTHON爬虫工程师,https://jobs.51job.com/shanghai-jaq/100910343.html?s=01&amp;t=0
重庆,江苏一道云科技发展有限公司,,Python开发工程师,https://jobs.51job.com/chongqing/98391916.html?s=01&amp;t=0
广州-天河区,广州机智云物联网科技有限公司,,Python开发工程师,https://jobs.51job.com/guangzhou-thq/98622527.html?s=01&amp;t=0
上海-徐汇区,上海抱元网络科技有限公司,,Python高级开发工程师,https://jobs.51job.com/shanghai-xhq/100742142.html?s=01&amp;t=0
杭州-余杭区,杭州大搜车汽车服务有限公司,,Python研发工程师（数据平台）,https://jobs.51job.com/hangzhou-yhq/98340345.html?s=01&amp;t=0
深圳-南山区,深圳光启空间技术有限公司,,高级Python开发工程师,https://jobs.51job.com/shenzhen-nsq/100631869.html?s=01&amp;t=0
上海-闵行区,上海志行合力网络技术有限公司,,Python Web开发工程师,https://jobs.51job.com/shanghai-mhq/89611931.html?s=01&amp;t=0
上海,华扬联众数字技术股份有限公司,,python开发工程师,https://jobs.51job.com/shanghai/96261815.html?s=01&amp;t=0
广州-白云区,广州棒谷科技股份有限公司,,Python工程师,https://jobs.51job.com/guangzhou-byq/97087548.html?s=01&amp;t=0
成都,北京天广汇通科技有限公司成都分公司,,Python高级后台工程师,https://jobs.51job.com/chengdu/94779938.html?s=01&amp;t=0
上海-闵行区,上海易路软件有限公司,,Python开发工程师,https://jobs.51job.com/shanghai-mhq/80422393.html?s=01&amp;t=0
上海,上海锦游网络技术有限公司,,项目研发经理（python平台）,https://jobs.51job.com/shanghai/89796534.html?s=01&amp;t=0
深圳,上海新炬网络技术有限公司,,Python高级开发工程师,https://jobs.51job.com/shenzhen/98927946.html?s=01&amp;t=0
上海-静安区,Transcosmos,,Python开发工程师,https://jobs.51job.com/shanghai-jaq/98262918.html?s=01&amp;t=0
上海-静安区,厦门宽投信息科技有限公司,,高级Python金融开发工程师,https://jobs.51job.com/shanghai-jaq/99075756.html?s=01&amp;t=0
南京-江宁区,易虎网科技南京股份有限公司,,Python开发工程师,https://jobs.51job.com/nanjing-jnq/91355381.html?s=01&amp;t=0
上海-闵行区,黑龙江惠达科技发展有限公司,,Python 开发工程师(职位编号：1114),https://jobs.51job.com/shanghai-mhq/95974198.html?s=01&amp;t=0
上海-徐汇区,中金财（北京）金融服务外包有限公司,,Python开发工程师,https://jobs.51job.com/shanghai-xhq/93949361.html?s=01&amp;t=0
深圳-宝安区,深圳市度点科技有限公司,,Python后台开发工程师,https://jobs.51job.com/shenzhen-baq/99171565.html?s=01&amp;t=0
广州-天河区,广州猫玩网络科技有限公司,,Python开发工程师,https://jobs.51job.com/guangzhou-thq/101465660.html?s=01&amp;t=0
北京,文思海辉技术有限公司Pactera Technology International Limited,,数据处理（懂python）(职位编号：815716165514800),https://jobs.51job.com/beijing/97531954.html?s=01&amp;t=0
深圳-龙岗区,深圳市以沃科技有限公司,,双休爬虫开发工程师php开发工程师python开发工程师,https://jobs.51job.com/shenzhen-lgq/92275281.html?s=01&amp;t=0
广州-越秀区,广州君和信息技术有限公司,,python开发工程师,https://jobs.51job.com/guangzhou-yxq/91181907.html?s=01&amp;t=0
上海,上海企通软件有限公司,,Python/Odoo高级开发工程师,https://jobs.51job.com/shanghai/78612285.html?s=01&amp;t=0
杭州,杭州锐翌基因技术有限公司,,Python开发工程师,https://jobs.51job.com/hangzhou/88900476.html?s=01&amp;t=0
上海,上海汇正财经,,爬虫开发主管（Python语言）,https://jobs.51job.com/shanghai/101522470.html?s=01&amp;t=0
北京-朝阳区,北京环宇万维科技有限公司,,Python爬虫工程师-北京-00089,https://jobs.51job.com/beijing-cyq/99356203.html?s=01&amp;t=0
南京,苏州太谷电力股份有限公司,,Python爬虫工程师,https://jobs.51job.com/nanjing/93254340.html?s=01&amp;t=0
珠海-香洲区,珠海轼域网络科技有限公司,,Python 开发工程师,https://jobs.51job.com/zhuhai-xzq/69898106.html?s=01&amp;t=0
深圳-福田区,深圳市凯利讯科技有限公司,,Python数据采集网络爬虫工程师,https://jobs.51job.com/shenzhen-ftq/99726846.html?s=01&amp;t=0
广州-越秀区,安华理达企业管理咨询（广州）有限公司,,python WEB开发工程师,https://jobs.51job.com/guangzhou-yxq/96229456.html?s=01&amp;t=0
上海,汇正财经上海分公司,,爬虫开发主管（Python语言）,https://jobs.51job.com/shanghai/100857939.html?s=01&amp;t=0
广州-天河区,广东分子资产管理股份有限公司,,python量化工程师,https://jobs.51job.com/guangzhou-thq/100366875.html?s=01&amp;t=0
杭州-江干区,达内软件技术（杭州）有限公司,,Python项目经理（五险一金+上市公司）,https://jobs.51job.com/hangzhou-jgq/101121646.html?s=01&amp;t=0
重庆-巴南区,重庆市中迪医疗信息科技股份有限公司,,Web后端工程师(Python),https://jobs.51job.com/chongqing-bnq/98076376.html?s=01&amp;t=0
广州-天河区,广州子辛网络开发有限公司,,Python软件开发工程师,https://jobs.51job.com/guangzhou-thq/101245386.html?s=01&amp;t=0
上海-徐汇区,上海掘东信息技术有限公司,,Python 开发工程师,https://jobs.51job.com/shanghai-xhq/98481576.html?s=01&amp;t=0
武汉-武昌区,武汉千途创造软件开发有限公司,,Java/Python 爬虫工程师（可助理）,https://jobs.51job.com/wuhan-wcq/92768914.html?s=01&amp;t=0
上海-黄浦区,北京新中商数据科技有限公司上海分公司,,Python工程师,https://jobs.51job.com/shanghai-hpq/86727688.html?s=01&amp;t=0
上海,魔方元科技,,高级Python开发工程师,https://jobs.51job.com/shanghai/89271296.html?s=01&amp;t=0
杭州-滨江区,浙江远传信息技术股份有限公司,,Python工程师（中高级）,https://jobs.51job.com/hangzhou-bjq/100309117.html?s=01&amp;t=0
深圳-龙岗区,深圳市中企工联保家电服务有限公司,,python工程师,https://jobs.51job.com/shenzhen-lgq/88112944.html?s=01&amp;t=0
青岛,青岛东邻虎网络科技有限公司,,python数据开发+五险,https://jobs.51job.com/qingdao/101493415.html?s=01&amp;t=0
上海-浦东新区,上海智和信息技术有限公司,,python开发工程师,https://jobs.51job.com/shanghai-pdxq/68146363.html?s=01&amp;t=0
南京,上海讯实网络科技有限公司,,Python爬虫工程师,https://jobs.51job.com/nanjing/88402766.html?s=01&amp;t=0
上海-浦东新区,全美测评软件系统（北京）有限公司,,python开发工程师,https://jobs.51job.com/shanghai-pdxq/90875864.html?s=01&amp;t=0
厦门,福州咸鱼科技有限公司,,数据分析&挖掘师（IBM SPSS/Python)10k,https://jobs.51job.com/xiamen/101169720.html?s=01&amp;t=0
广州-海珠区,深圳触云科技有限公司,,python工程师,https://jobs.51job.com/guangzhou-hzq/98248468.html?s=01&amp;t=0
上海-宝山区,上海贝速贸易有限公司,,Python开发工程师,https://jobs.51job.com/shanghai-bsq/101497119.html?s=01&amp;t=0
武汉-洪山区,武汉育豪体育文化传播有限公司,,招Python开发程序员,https://jobs.51job.com/wuhan-hsq/100342843.html?s=01&amp;t=0
深圳-南山区,深圳市正易龙科技有限公司,,python开发工程师,https://jobs.51job.com/shenzhen-nsq/74345847.html?s=01&amp;t=0
合肥-高新区,安徽国泰安教育科技有限公司,,python开发工程师(职位编号：HFCG2L),https://jobs.51job.com/hefei-gxq/101175630.html?s=01&amp;t=0
上海-浦东新区,海银财富管理有限公司,,Python Web开发工程师,https://jobs.51job.com/shanghai-pdxq/97270734.html?s=01&amp;t=0
武汉-洪山区,清美CG武汉学院,,python讲师,https://jobs.51job.com/wuhan-hsq/98307993.html?s=01&amp;t=0
深圳-南山区,深圳市星河互动科技有限公司,,Python后端开发工程师,https://jobs.51job.com/shenzhen-nsq/101321890.html?s=01&amp;t=0
深圳-龙华新区,深圳市新一洲电子商务有限公司,,python数据挖掘工程师,https://jobs.51job.com/shenzhen-lhxq/95927204.html?s=01&amp;t=0
重庆-渝中区,智石说（北京）科技有限公司,,Python开发工程师,https://jobs.51job.com/chongqing-yzq/98849962.html?s=01&amp;t=0
上海-浦东新区,上海城置投资控股集团有限公司,,Python开发工程师,https://jobs.51job.com/shanghai-pdxq/90524192.html?s=01&amp;t=0
上海,竹间智能科技（上海）有限公司,,Python开发工程师,https://jobs.51job.com/shanghai/97166227.html?s=01&amp;t=0
郑州-二七区,北京欣如信科技有限公司,,Python开发学徒（可实习可带）+6000起薪,https://jobs.51job.com/erqiqu/100365851.html?s=01&amp;t=0
武汉,武汉御辩格网络科技有限公司,,初级Python工程师,https://jobs.51job.com/wuhan/97957693.html?s=01&amp;t=0
北京,销售易,,Python开发工程师,https://jobs.51job.com/beijing/98065955.html?s=01&amp;t=0
南京-鼓楼区,南京中一物联科技有限公司,,python实习生,https://jobs.51job.com/nanjing-glq/97687469.html?s=01&amp;t=0
上海-徐汇区,上海网域网络科技有限公司,,Python开发工程师,https://jobs.51job.com/shanghai-xhq/100029719.html?s=01&amp;t=0
北京,北京天融信科技有限公司,,Python开发工程师,https://jobs.51job.com/beijing/96413081.html?s=01&amp;t=0
苏州-工业园区,珞曦（上海）文化传播有限公司,,Python高级开发工程师 项目Leader,https://jobs.51job.com/suzhou-gyyq/96854303.html?s=01&amp;t=0
无锡-梁溪区,无锡威泰朗信息技术有限公司,,Python开发工程师,https://jobs.51job.com/wuxi-lxq/99513278.html?s=01&amp;t=0
深圳-罗湖区,深圳市天方达健信科技股份有限公司,,Python工程师,https://jobs.51job.com/shenzhen-lhq/99794098.html?s=01&amp;t=0
深圳-南山区,深圳丝路天地电子商务有限公司,,Python开发工程师,https://jobs.51job.com/shenzhen-nsq/99078042.html?s=01&amp;t=0
北京-海淀区,瓦戈科技（上海）有限公司,,服务端开发工程师-Python,https://jobs.51job.com/beijing-hdq/95842161.html?s=01&amp;t=0
上海-长宁区,上海艺赛旗软件股份有限公司,,Python(RPA)实施开发工程师（软件）,https://jobs.51job.com/shanghai-cnq/101388880.html?s=01&amp;t=0
上海,武汉云客易在线科技有限公司,,python/c++软件开发工程师,https://jobs.51job.com/shanghai/100083562.html?s=01&amp;t=0
北京-海淀区,会找房（北京）网络技术有限公司,,Python开发工程师,https://jobs.51job.com/beijing-hdq/89883618.html?s=01&amp;t=0
