"179","她理财","97147","97805","高级python开发工程师","15k-30k"
"321870","iHandy","418530","4118481","Python开发工程师","15k-30k"
"61921","人人行(借贷宝)","9367387","4311741","Python 开发工程师","25k-50k"
"22127","爱咔咔","7998396","3263789","Python工程师","15k-30k"
"80093","云游九州","8121910","4226259","Python工程师","10k-20k"
"179","她理财","97147","97805","高级python开发工程师","15k-30k"
"102022","江山如画网络科技","2901724","2475715","Python研发工程师","5k-10k"
"166854","嘉楠捷思","9354303","4239387","python开发工程师","15k-20k"
"9955","学堂在线","45948","3167076","Python开发工程师","20k-30k"
"172285","猎户星空","9203913","3972672","Python开发工程师","18k-35k"
"113761","企鹅创新","3725427","4221845","Python工程师","25k-35k"
"168991","老虎证券","6716343","4163192","python开发工程师","20k-40k"
"181493","开拓天际","7417892","4052835","Python工程师","15k-23k"
"82991","数美","2117266","3684787","python研发工程师","15k-30k"
"16869","朗播网","460579","3684375","Python开发工程师","20k-40k"
"321870","iHandy","3482537","4452224","高级Python工程师","25k-50k"
"61921","人人行(借贷宝)","9367387","4288419","Python开发工程师","15k-30k"
"102022","江山如画网络科技","2901724","3935253","python开发工程师","8k-16k"
"113761","企鹅创新","3725427","4316007","Python工程师","20k-35k"
"1686","爱奇艺","8449364","4420032","高级python 开发工程师","25K-45K"
"338067","感易智能","6345769","4462636","Python 研发工程师","10k-20k"
"50702","美团点评","6417400","4134091","服务端高级开发工程师Golang/Python","35k-45k"
"9955","学堂在线","45948","3106720","系统开发工程师（Python）","20k-30k"
"18165","新东方教育行业研究院","8446100","3957184","Python工程师","15k-25k"
"29795","罗辑思维","418919","4398177","Python开发工程师","15k-30k"
"93760","助理来也","2452193","3362415","Python开发工程师","15k-30k"
"102212","达内集团","4886401","4413998","Python工程师","15k-25k"
"7902","好巧","93804","4347033","Python研发工程师","25k-35k"
"312651","摩尔妈妈","6277057","4035807","Python工程师","15k-30k"
"2422","凡普金科","885695","4214084","Python工程师","25k-35k"
"61921","人人行(借贷宝)","9367387","4288430","高级Python开发工程师","25k-40k"
"9955","学堂在线","134303","1586857","Python开发工程师","15k-25k"
"7902","好巧","93804","2714158","python工程师","15k-20k"
"254694","创新工场AI工程院","8755064","3553906","python开发工程师","15k-30k"
"2098","掌阅","6117890","2704328","高级Python研发工程师","25k-35k"
"8861","妙计旅行","94565","3828627","Python","8k-16k"
"126957","北京算云联科","4913750","4457857","Python开发工程司","15k-25k"
"53137","家园网","2438961","1732848","python工程师","15k-25k"
"7094","The ONE","79034","3802618","python","20k-30k"
"5706","洋葱数学","7395094","3856780","Python","15k-30k"
"142041","奇虎360金融","6160169","3966469","Python开发工程师","20k-30k"
"49870","掌控","649103","4431058","Python工程师","15k-30k"
"284128","NewsJet","9378160","3865530","高级Python开发工程师","25k-45k"
"534","京东金融","751349","3762683","Python研发工程师","25k-50k"
"26782","探探","332798","4390952","Python开发攻城狮","20k-40k"
"2098","掌阅","6117890","2384086","Python研发工程师（中高级）","15k-25k"
"7902","好巧","93804","4196658","Linux C++/Python开发工程师","15k-20k"
"82069","思源科技","3181078","4009873","python","20k-30k"
"11209","果壳网","142489","2862273","高级Python开发工程师","20k-40k"
"89428","SURVEY","2199030","4382113","Python开发工程师","18K-36K"
"25642","优识云创","2278294","4054606","Python开发工程师","15k-25k"
"59792","况客科技","1523693","4072563","Python 工程师","15k-30k"
"296605","智影","9475570","4367517","Python开发工程师","20k-40k"
"62540","波场TRON","806702","4223932","高级python工程师","20k-40k"
"5748","天润融通","9678035","4110734","Python开发工程师[亦庄]","15k-30k"
"29156","Lespark","398935","3873193","Python开发工程师","15k-30k"
"107423","瓜子二手车直卖网","3548181","2504617","Python","20k-30k"
"84814","医渡云（北京）技术有限公司","8034161","3680735","Python开发工程师","18K-35K"
"19083","博派通达","2425878","4439353","Python开发工程师","15k-30k"
"124770","CDS","373990","3860090","python研发工程师","15k-25k"
"236405","曜辉科技","9488251","4320389","Python工程师-机器学习方向","20k-35k"
"81107","一亩田","2060980","4076440","python开发工程师","20k-36k"
"279945","黑派科技","9181535","4419087","Python开发","20k-40k"
"35946","闪送","268284","4369077","Python/web开发工程师","10k-20k"
"46399","会分期","895780","3177447","python开发工程师","15k-30k"
"98285","国美金控","6351712","4347823","python研发工程师","30k-40k"
"3950","销售易","9617435","4437962","Python开发工程师","20k-35k"
"4128","知乎","9354341","4242375","Python 开发工程师","18k-36k"
"17291","PPTV聚力","5238983","4413169","PYTHON 开发工程师","13k-24k"
"312651","摩尔妈妈","6277057","4116352","高级Python工程师","20k-40k"
"6996","智融集团","77669","2879999","Python开发工程师","20k-40k"
"62","字节跳动","8751754","4005705","Python开发工程师","20k-35k"
"49870","掌控","649103","2469568","Python研发中级工程师","15k-30k"
"18165","新东方教育行业研究院","8446100","4179492","Python工程师","10k-20k"
"36162","作业盒子","4972223","4206282","python工程师","20k-40k"
"4128","知乎","4938339","3801911","Python开发工程师","15k-30k"
"22884","花生米富","275331","4420382","python工程师","16k-20k"
"250342","海瀑网络","8755465","3570109","Python工程师","13k-25k"
"4286","竞技世界","451276","3730902","服务器开发工程师（nodejs/java/python/go","15K-30K"
"1537","搜狗","73392","3119907","技术工程部-python开发工程师","20k-40k"
"107423","瓜子二手车直卖网","7993946","4226327","高级python开发工程师","20k-40k"
"190413","云脑科技","8540637","4022435","Python工程师","10k-20k"
"212939","一览科技","8291900","3889355","python开发工程师","20k-40k"
"3786","宜信","985024","4003445","Python研发工程师","25k-40k"
"143967","金风科技","10428690","4361251","Python 开发工程师","18k-35k"
"534","京东金融","751349","3981193","Python开发工程师-pass平台方向","25k-50k"
"66824","SpeedyCloud","1640287","4325038","Python开发工程师","10k-20k"
"7902","好巧","93804","2710558","python高级工程师","25k-35k"
"27298","蓝信移动（北京）科技有限公司","406781","4201848","Python开发经理","20k-35k"
"23039","好大夫在线","5133913","4186551","Python工程师","18k-35k"
"107423","瓜子二手车直卖网","3548181","3178128","Python开发工程师","20k-40k"
"280","畅游","3433711","4382267","Python开发工程师","15k-25k"
"25317","金证股份","5715150","4266883","Python 开发工程师","15k-17k"
"122289","超对称","4677922","3265326","Python开发工程师","12k-20k"
"133192","车势科技","5256431","2625410","python开发工程师","15k-25k"
"1970","去哪儿网","821790","3155627","Python高级研发工程师-度假事业部(J11528)","20k-40k"
"23702","真格基金","8042043","4372748","高级Python工程师-灯影科技","10k-20k"
"329","网易","5766313","4460541","Python开发工程师","20k-35k"
"21643","融360","8490030","4397575","Python研发工程师","15k-25k"
"100164","千锋教育","8727911","3498686","python","20k-40k"
"84814","医渡云（北京）技术有限公司","871603","4355985","Python研发工程师","25k-50k"
"413","微车","4973435","2696329","Python高级开发工程师","20k-30k"
"18165","新东方教育行业研究院","8446100","4198780","高级python工程师","15k-30k"
"534","京东金融","5927455","4399841","python高级开发工程师","25k-35k"
"168489","金风科技","6881520","2818357","Python开发工程师","12K-20K"
"62","字节跳动","8751754","4005701","高级Python开发工程师","25k-40k"
"956","金山云","5528","4405821","高级开发工程师（Go&Python）","15k-30k"
"202067","优信集团","8390462","4433857","高级PYTHON研发工程师","20k-40k"
"490","LBE 科技","821511","3145309","Python研发工程师","20k-30k"
"21408","tataUFO","9585253","4207347","高级Python工程师","25k-35k"
"53137","家园网","2438961","3058464","高级python工程师","20k-30k"
"73043","百融金服","2813400","4317425","高级python开发工程师","20k-30k"
"29496","闪银奇异","3573970","4249718","Python开发工程师","18k-35k"
"43462","云途腾","2250364","2766411","高级python研发工程师","20k-40k"
"165649","混沌大学","1708318","4327414","python工程师","20K-40K"
"9955","学堂在线","45948","4292682","Python工程师（智能硬件）","20k-30k"
"173625","天广汇通","3295916","3827337","python开发工程师","15k-25k"
"36162","作业盒子","10158439","4254243","python工程师","15k-30k"
"115290","乐信圣文","6793538","2729942","高级Python开发工程师","20k-40k"
"349229","时光小屋","10339445","4420992","python工程师","30k-45k"
"62","字节跳动","8736947","4049431","Python 研发工程师","25k-45k"
"53137","家园网","2438961","1866044","Python工程师","14k-22k"
"29496","闪银奇异","9619120","4024943","python工程师","30k-45k"
"7600","TalkingData","88072","3965037","Python工程师J10008","20k-30k"
"111175","ZingFront智线","3626897","3390159","Python中级工程师","15k-24k"
"3038","Gridsum 国双","1314138","4444655","Python开发工程师","10k-18k"
"5726","翼课网","55958","4329246","python研发工程师","13k-25k"
"88433","北京中铁信","8105202","3434658","Python中级研发工程师","14k-23k"
"61174","瓦戈科技","7696956","3838813","Python","12k-24k"
"490","LBE 科技","798883","373222","Python开发工程师","15k-30k"
"149258","中科视拓","6163156","4144478","Python高级工程师","25k-40k"
"8861","妙计旅行","94565","3828860","高级Python研发工程师","15k-25k"
"14983","游族网络","174519","4076348","Python开发工程师-base北京","12k-18k"
"91667","聚宽 JoinQuant","2370762","3522962","Python系统开发工程师","15k-30k"
"98070","诚信互通","2682170","4028561","Python研发工程师","15k-30k"
"53137","家园网","2438961","3265286","中级python工程师","15k-25k"
"137505","复华控股","4310913","3961591","Python开发工程师","15k-30k"
"88433","北京中铁信","8105202","3835631","Python 中级研发工程师","15k-30k"
"21421","多牛传媒","5186264","4361052","PHP/Python开发工程师","10k-15k"
"8861","妙计旅行","94565","3828877","高级Python","15k-25k"
"43907","博云","4601059","3016672","python开发工程师","10k-20k"
"128115","爱狄特","4070189","4168752","Python高级开发工程师","15k-30k"
"282633","高域海汇","6443887","4288103","Python高级工程师","15k-30k"
"286452","今晨盛辉","8035400","4428121","高级Python工程师","25k-45k"
"224380","数据工场","9654863","4411394","python工程师","20k-40k"
"36031","一起科技","629873","2942066","Python开发工程师","15k-30k"
"16949","中企动力","1860595","3946741","Python高级研发工程师","25k-35k"
"62","字节跳动","7796420","4193225","python开发工程师","25k-50k"
"141803","高思教育集团","5791912","3500676","Python工程师-大数据方向","15k-30k"
"6996","智融集团","6395460","4362798","高级Python开发工程师","25k-45k"
"111175","ZingFront智线","3626897","2735720","高级Java/PHP/Python工程师","15k-24k"
"8103","汽车之家","6155898","3015996","Python开发工程师","15k-25k"
"97882","达观数据","10537651","4424272","python开发工程师","10k-15k"
"4128","知乎","4326084","4365036","资深 Python 开发工程师","25k-45k"
"151782","爱特曼科技","8876579","3966136","高级Python工程师","20k-40k"
"62","字节跳动","7796420","4186881","高级python工程师","25k-40k"
"8861","妙计旅行","94565","3828811","Python高级开发工程师","15k-25k"
"30118","影谱科技","7593455","3882263","Python开发工程师","15k-25k"
"3038","Gridsum 国双","1840549","3658320","资深Python开发工程师","15k-30k"
"106289","PALMAX","3598913","4440973","Python开发工程师","15k-25k"
"172285","猎户星空","8996680","4440796","Python工程师","15k-30k"
"174043","颉一软件","7411362","3110586","python工程师（北京）","10k-20k"
"312651","摩尔妈妈","6277057","4353360","Python开发实习生","4k-8k"
"126385","罗威亚科技","4886573","3217039","python攻城狮","9k-15k"
"25592","新浪网","8670903","3521114","Python开发工程师","13k-26k"
"1537","搜狗","73392","4346629","搜狗AI-Python开发工程师","15k-30k"
"22875","理财范","5437559","3174436","python开发工程师","10k-20k"
"29496","闪银奇异","9680541","4224010","Python 开发工程师","15k-25k"
"111175","ZingFront智线","3626897","1407389","Python 中级工程师","13k-18k"
"534","京东金融","6230685","4381203","python高级开发工程师","20k-40k"
"9995","北京天融信公司","5630085","3874194","python开发工程师","10k-15k"
"168991","老虎证券","8027473","4201279","Python研发工程师","15k-30k"
"6040","慕课网","9241832","4337811","django+saltstack+python/讲","15k-25k"
"22884","花生米富","275331","4138824","Python中级工程师","15k-20k"
"88978","海知智能","2293031","4405673","Python开发实习生","3k-4k"
"186215","群星科技","6792911","4300848","Python工程师","15k-25k"
"490","LBE 科技","302657","4347851","python工程师","15k-30k"
"260173","星尘数据","9797230","4302287","实习Python工程师","5k-8k"
"46399","会分期","895780","3164675","高级python开发工程师","15k-30k"
"139750","快爽","2400917","3692595","Python开发工程师（后端）","20k-30k"
"260173","星尘数据","9797230","4297614","实习Python工程师","5k-10k"
"107423","瓜子二手车直卖网","3548181","2960861","瓜子二手车-Python高级开发工程师","20k-35k"
"22884","花生米富","275331","4347400","python高级工程师","15k-30k"
"2098","掌阅","6117890","4142291","Python研发工程师（应届毕业生/实习生）","8k-15k"
"34573","省钱快报","9777994","4101036","Python","15k-30k"
"30648","绿盟科技","7499683","4346602","实习-Python研发工程师（北京）","2k-4k"
"88433","北京中铁信","5640331","3435319","python中级开发工程师","15k-30k"
"22139","第三石科技","68086","4143605","【5Miles】Python开发工程师","15k-30k"
"102388","云纵","7181209","3646890","运维开发高级工程师-python","18k-25k"
"5748","天润融通","9678035","4098121","python开发实习生","4k-8k"
"62540","波场TRON","806702","4028715","高级后台开发工程师（python）","20k-40k"
"145586","CloudIn","9951624","4403912","Python工程师","17k-34k"
"109317","灵犀联云","453750","3418244","高级python工程师","20k-40k"
"198804","企飞","8002135","3313053","Python开发工程师","20k-30k"
"124962","麦达数字","8225495","3544853","PYTHON研发工程师","25k-35k"
"22884","花生米富","275331","4139271","python研发工程师","15k-20k"
"22139","第三石科技","68086","3835532","Python高级开发工程师","18k-36k"
"16295","海思林科","8849291","3565170","python开发工程师","10k-18k"
"139750","快爽","2400917","3294875","Python后端工程师","20k-30k"
"136978","玖富集团","5607696","4357330","Python开发工程师","12k-20k"
"99454","NewsDog","2765892","4259428","Python/GO高级工程师","15k-30k"
"1537","搜狗","73392","3152678","搜狗海外输入法-Python高级开发工程师","20k-40k"
"23682","CIG","5436560","4272041","高级python开发工程师","15k-30k"
"534","京东金融","751349","3237082","高级开发工程师-Python/Java/Go","25k-45k"
"136443","马上金融","9361212","3901523","Python开发工程师","20k-30k"
"51295","数盟网络","6253464","3899616","Python开发工程师","8k-16k"
"133084","在行","5251846","3763480","Python后端工程师","15k-25k"
"292633","财税智库","9431056","3885178","Python软件开发工程师","20k-40k"
"329","网易","4814552","4269175","高级/资深Python 开发工程师","20k-40k"
"100719","京东商城研发部","2820012","4095079","Python","30k-50k"
"100164","千锋教育","7350259","3610830","python技术总监","25k-50k"
"106303","搜狐集团","1867","3922814","搜狐媒体-社交产品中心-Python工程师","20k-30k"
"36031","一起科技","629873","4374949","后端开发工程师（Python方向）","15k-30k"
"1902","下厨房","15234","4292518","python开发工程师","12k-24k"
"193620","Bespin","8052874","4450210","Python开发工程师（运维开发）","15k-30k"
"22662","学吧课堂","263350","4334492","高级python工程师","20k-40k"
"168439","焱融云","6875334","4176766","Python研发工程师","15k-25k"
"109317","灵犀联云","453750","3417800","【高级python工程师】","18k-26k"
"174043","颉一软件","7411362","3794749","Python开发工程师","20k-25k"
"83585","XSKY","2249862","3819005","存储应用开发工程师-Java/GO/Python","18k-35k"
"1748","钱方好近","12496","20458","Python开发工程师","15k-25k"
"115290","乐信圣文","6793538","3874270","python工程师","15k-30k"
"29151","Yi+","398573","3450447","高级Python开发工程师","20k-40k"
"15749","弥财","698288","4019922","高级Python开发工程师","20k-40k"
"79653","优康达","1995740","4342191","Python","15k-25k"
"363115","币信","10551236","4417998","Python server端工程师","20k-40k"
"142542","聚力维度","5842910","3987587","python后端开发工程师","15k-25k"
"29496","闪银奇异","9680541","4428102","高级python开发工程师","28k-45k"
"152334","知工网络科技","6265767","4398798","python开发工程师","10k-18k"
"324046","乐学在线","9876161","4416481","Python工程师","15k-30k"
"6996","智融集团","77669","3740753","python开发实习生","6k-9k"
"360741","挖优狗","10568056","4417652","高级Python工程师","15k-20k"
"34200","减约","582862","4251409","python后端高级开发工程师","15k-30k"
"133920","百度视频","5292308","4169100","Python开发实习生","3k-4k"
"203500","坚果金服","4616638","4261469","Python高级开发工程师","15k-25k"
"242209","云孚科技","8655761","4404154","Python研发工程师","6k-12k"
"7000","FreeWheel","7008451","3687387","资深Python开发工程师","24k-32k"
"3038","Gridsum 国双","1840549","3658363","高级Python开发工程师","12k-24k"
"100530","超萌","6779573","4442729","高级Python工程师","30k-40k"
"309096","天津函数科技有限公司","9426258","4075446","Python系统开发工程师","15k-20k"
"62204","博汇科技","1559567","2414473","Python开发工程师","8k-12k"
"116093","Castbox","4087065","3010852","Python后端开发工程师","20k-40k"
"7094","The ONE","79034","3666135","python实习生","4k-5k"
"6684","全品学堂","70102","2875277","Python开发工程师","15k-30k"
"61016","棣南新宇","1533545","3738059","Python高级开发工程师","15k-20k"
"62","字节跳动","6662554","3826599","高级python研发工程师","20k-40k"
"236405","曜辉科技","6497793","4332385","Python工程师-机器学习方向","20K-35K"
"91","阿里巴巴―高德","60678","3801569","python开发高级工程师","15k-30k"
"3786","宜信","8917411","4333746","python后台开发工程师","15k-25k"
"216662","SENSORO","8988124","4229446","高级Python后端研发工程师","15k-25k"
"34214","乐飞天下","983058","4410096","Python高级研发工程师","15k-30k"
"109317","灵犀联云","453750","3543641","python高级工程师","15k-25k"
"265449","taurus.ai","8995649","4444029","python开发","15k-25k"
"5706","洋葱数学","7395094","3755559","Python Web开发工程师","10k-20k"
"108216","图森未来","8783782","3968193","Python后端工程师","11k-20k"
"216662","SENSORO","8988228","4185502","高级Python后端研发工程师","15k-25k"
"221192","墨云科技","8287030","3545394","Python后端开发工程师","15k-30k"
"72106","蛋壳公寓","7585986","3236037","python工程师","15k-30k"
"26087","美洽","376164","4200856","中级后端开发（python）","15k-30k"
"312000","雄鹰公司","6318770","4442275","python开发","20k-40k"
"1561","Face++","39658","3682270","高级Python开发工程师","20k-40k"
"92541","好雨云","10027721","4368225","Python开发工程师","15K-25K"
"3038","Gridsum 国双","332942","3771741","资深Python开发工程师（北京）","20k-30k"
"186215","群星科技","6792911","3134638","Python工程师","20k-40k"
"105868","比太","3132884","1680709","Python","15k-25k"
"88433","北京中铁信","8105202","4030512","python web开发工程师","15k-30k"
"324669","星云AI","7152572","4408537","Python工程师","20k-40k"
"274376","美团点评","9133964","3714393","Python工程师","20k-40k"
"309884","涵德投资","9651871","4229956","Python开发工程师","7k-14k"
"54519","微诺时代北京科技股份有限公司","6907655","3019261","Python研发工程师","10k-15k"
"216662","SENSORO","8243256","4255219","高级Python后端开发工程师","15k-30k"
"145443","专注做海外，自研自发，研运一体","10413145","4383587","Python开发工程师","10k-20k"
"296605","智影","9475570","3903004","资深应用开发工程师（Python语言）","20k-40k"
"49551","中云网安","6773119","4121588","高级Python研发工程师","20k-35k"
"520","小米","2995330","4095839","Python开发工程师-小米电视","15k-25k"
"34214","乐飞天下","983058","1069314","Python开发工程师","11k-20k"
"3038","Gridsum 国双","332942","3835953","Python研发工程师（北京）","10k-20k"
"17975","北京柒柒","1373799","4420571","Python高级开发工程师","10k-18k"
"26087","美洽","376164","4200875","高级后端开发（python）","20k-40k"
"145597","云势软件","7406706","4444194","python开发工程师","9k-16k"
"32264","理想公司","6030443","4241422","高级python研发工程师","16K-20K"
"141955","嘀嗒出行","5814504","2895284","Python运维开发工程师","10k-15k"
"282633","高域海汇","6443887","4334200","python数据工程师","15k-30k"
"150885","微步在线","6239903","3894260","python开发工程师","15k-25k"
"101211","易美健","10308972","4436590","Python开发","20k-40k"
"3038","Gridsum 国双","332942","3771766","高级Python开发工程师（北京）","15k-20k"
"128449","鹏润控股集团","6696148","4395481","服务器开发golang、Python","30k-50k"
"5706","洋葱数学","7395094","3830629","Python Web开发工程师","15k-30k"
"49551","中云网安","6773119","4121585","资深Python研发工程师","30k-60k"
"36282","蔓盈科技","3718114","4429488","Python高级程序员","20k-30k"
"7000","FreeWheel","7008451","3687374","资深Java/Python/C#/PHP开发","27k-32k"
"36031","一起科技","629873","2743350","python后端开发工程师","20k-40k"
"125102","格上添富","4254570","1942854","Python研发工程师","13k-25k"
"109317","灵犀联云","453750","3479166","Python专家","20k-40k"
"22662","学吧课堂","263350","4423089","python开发工程师","20k-40k"
"143244","鼎晟天成","7659311","4454685","高级python开发","20k-40k"
"47026","云和恩墨","1463992","4354492","高级python 工程师","15k-20k"
"22462","传智播客","9909863","4417342","python就业指导","4k-8k"
"197752","深度好奇","7815183","3498074","Python工程师","6k-12k"
"161516","成安科技","8504529","4048447","高级Python开发工程师","30k-40k"
"3038","Gridsum 国双","332942","3835975","高级python研发工程师（北京）","15k-30k"
"68296","中科九章","6655840","4400794","Python开发工程师","9k-18k"
"231919","新一代互联网旅行社平台","8509199","3666616","Python开发工程师","15k-30k"
"35214","Camelia山茶花","10360376","4345986","Python后端工程师","20k-35k"
"124202","数智源","10027","4047586","Python开发工程师","13k-26k"
"106289","PALMAX","3598913","4145759","Python大数据开发工程师","25k-50k"
"226015","合一信息技术（优酷）","9306230","4383036","python开发","20k-40k"
"520","小米","4740894","4404701","Python/Golang工程师-锁屏画报","15k-25k"
"113697","LinkDoc","2146709","4128511","Python工程师","15k-30k"
"61844","国信优易","1490867","4145976","Python开发工程师","10k-15k"
"165649","混沌大学","8595251","4182943","python后台开发工程师","20k-40k"
"100164","千锋教育","5452391","4443580","python讲师","15k-30k"
"18713","合心科技","77500","2094102","Python开发工程师","20k-35k"
"203869","折叠","3791543","4388760","Python工程师","15k-30k"
"313704","微壳","9776614","4261001","【资深Python开发工程师】","15k-30k"
"3038","Gridsum 国双","1840549","2933402","运维开发工程师（精通Python）","15k-30k"
"165649","混沌大学","8595251","3505649","python后台开发工程师","20k-40k"
"100164","千锋教育","7350259","3114519","Python讲师","20k-40k"
"88433","北京中铁信","5640331","2670798","Python Web开发工程师","15k-30k"
"164469","大云科技","6402178","4177290","Python高级工程师","15K-25K"
"8861","妙计旅行","9671972","4349924","Python后端开发工程师","10k-20k"
"24523","哗啦啦","292008","4033070","Python后端开发工程师","15k-25k"
"113697","LinkDoc","2146709","3981295","Python工程师（北京）","15k-25k"
"127528","投后","4459039","4445077","中高级Python工程师","20k-40k"
"107423","瓜子二手车直卖网","4755078","3875447","云平台开发Python、Go","20k-40k"
"304192","一网互通","5491564","4384991","资深Python工程师","13k-25k"
"78224","码隆科技","1970295","4177236","高级python工程师（北京）","25k-40k"
"31395","灵雀云","462992","2483626","Python","13k-25k"
"16295","海思林科","8849291","3565119","python开发工程师","8k-16k"
"62121","无限讯奇","6724059","4275078","中级Python开发","12k-17k"
"129","陌陌","15724","1811627","Python开发工程师(安全方向)","20k-40k"
"29795","罗辑思维","418919","4070522","Python后端开发工程师","15k-30k"
"106303","搜狐集团","1867","4236034","python运维开发工程师","15k-30k"
"131661","慧泽商通","6892143","4182773","Python开发工程师","10k-20k"
"29496","闪银奇异","9193274","3849452","Python 数据开发工程师","20k-40k"
"327615","金色前程","6294906","4155461","高级Python研发工程师","20k-40k"
"1561","Face++","39658","3164507","Python 高级开发工程师","20k-40k"
"220132","道宇","8301517","3366850","Python工程师","25k-50k"
"332269","北京聚齐","10007059","4241788","高级Python工程师","20k-35k"
"107423","瓜子二手车直卖网","4755078","3532741","Python运维开发","15k-30k"
"309884","涵德投资","9651871","4260643","Python开发工程师（算法）","8k-15k"
"25317","金证股份","2109193","3049720","python运维开发工程师","6k-8k"
"145375","柔持英语","7691051","4110132","Python后端开发工程师","20k-30k"
"317499","紫荆视通","7837025","4449694","高级python后台服务研发工程师","15k-25k"
"30060","中公教育","9644985","4100164","Python讲师","20k-30k"
"29496","闪银奇异","9193274","4074824","高级服务器端Python工程师","30k-45k"
"97658","融数金服","4487148","2314861","python开发工程师","15k-30k"
"413","微车","4973435","2696205","Python架构师","30k-35k"
"300397","北京力扬泛海","4087022","4015726","python工程师","15k-25k"
"106289","PALMAX","3598913","2756328","PHP ／Python 后端研发工程师","15K-25K"
"109589","新世相","7523089","4306115","大数据开发工程师【Python】","15k-25k"
"23727","知网","4355739","2773278","python高级工程师/架构师","10k-20k"
"126385","罗威亚科技","4886573","1744860","Python【实习生】","5k-10k"
"125102","格上添富","4254570","2934538","高级Python研发工程师","20k-35k"
"1575","百度","918982","4388129","Python工程师","15k-30k"
"183096","北京国鼎源创智能科技有限公司","7472281","3906027","python工程师 25k-40k","20k-40k"
"130102","水滴互助","7314248","4197868","Python开发工程师/爬虫工程师","20k-40k"
"23687","格灵深瞳","248729","4425658","python开发工程师","18k-30k"
"249895","秒秒测科技","8750870","3918789","高级Python工程师","15k-30k"
"168716","硬球科技","6475435","3654249","Python服务器开发高级工程师","20k-40k"
"6996","智融集团","77669","4223360","python研发工程师（抓取平台开发方向）","20k-40k"
"100164","千锋教育","9314399","3849686","python讲师","20k-40k"
"93936","生命奇点","2488872","3584973","数据工程师-Python","10k-20k"
"144451","Plum","8654665","3479069","研发工程师-Golang/Python","10k-20k"
"520","小米","4787943","3192578","Python开发工程师","15k-30k"
"124770","CDS","373990","4000250","python实习生（可转正）","2k-4k"
"252163","核淘数据","8763629","3594312","Python工程师","15k-25k"
"154445","云京","6364255","4133030","python 后端工程师","14k-25k"
"280","畅游","8052732","4071789","Python运维开发工程师","20k-25k"
"1561","Face++","8366571","3981586","python高级后端工程师","25k-50k"
"7182","尚德机构","10190297","4382901","Python开发","15k-30k"
"159972","拓天","10438866","4352162","python高级工程","20k-40k"
"145485","磁力信","5981637","2769521","Python 开发工程师","14k-28k"
"134743","太一云","5374947","3920000","Python工程师","15k-25k"
"165649","混沌大学","1708318","4313110","python后台工程师","12k-18k"
"100164","千锋教育","8727911","3843772","python讲师","20k-40k"
"1561","Face++","39658","3093928","Python工程师","20k-40k"
"76422","青橙科技","1922528","3654356","Python后端工程师","15k-25k"
"83357","阿里云","2125814","890533","基础平台开发工程师C/Go/Python/Java","20k-40k"
"76066","晶泰科技","7916292","4290527","Python开发实习生","3k-5k"
"150030","北京瑞友","8002016","4447906","Python后端开发","10k-15k"
"296605","智影","9475570","3902940","资深云系统后端开发工程师（Python语言）","20k-40k"
"165331","深极智能","6745890","4455915","python开发工程师","15k-30k"
"114028","黑牛保","4985288","4050418","python开发工程师","13k-20k"
"100335","思特奇Si-tech","1416671","4450723","python开发工程师","7k-14k"
"45262","智海创讯","410165","3931052","软件开发工程师（python）","10k-20k"
"172410","铂金智慧","26626","2818995","Python开发工程师","10k-20k"
"100530","超萌","6779573","4043395","Python工程师","13k-25k"
"334299","芯智引擎","10489596","4399831","python工程师实习","6k-12k"
"104298","北明软件","9614561","4198045","python工程师","10k-15k"
"279630","护世界","9181526","4314458","python工程师","8k-15k"
"106148","赛宁网安","3717433","4318885","高级Python开发工程师","25k-35k"
"76066","晶泰科技","7916292","3104419","Python后台开发","10k-18k"
"4128","知乎","9606379","4065330","安全开发工程师（安全方向 Python 开发）","15k-30k"
"1561","Face++","8366571","4017708","高级Python开发工程师","25k-50k"
"190995","DERA","7659330","3810502","Python开发工程师","12k-24k"
"956","金山云","5528","4340972","高级开发工程师（go/python)","20k-40k"
"113697","LinkDoc","2146709","4118246","Python","13k-20k"
